-- phpMyAdmin SQL Dump
-- version 4.8.5
-- https://www.phpmyadmin.net/
--
-- Host: 127.0.0.1
-- Generation Time: Apr 05, 2019 at 05:18 PM
-- Server version: 10.1.38-MariaDB
-- PHP Version: 7.1.26

SET SQL_MODE = "NO_AUTO_VALUE_ON_ZERO";
SET AUTOCOMMIT = 0;
START TRANSACTION;
SET time_zone = "+00:00";


/*!40101 SET @OLD_CHARACTER_SET_CLIENT=@@CHARACTER_SET_CLIENT */;
/*!40101 SET @OLD_CHARACTER_SET_RESULTS=@@CHARACTER_SET_RESULTS */;
/*!40101 SET @OLD_COLLATION_CONNECTION=@@COLLATION_CONNECTION */;
/*!40101 SET NAMES utf8mb4 */;

--
-- Database: `system`
--

-- --------------------------------------------------------

--
-- Table structure for table `audit`
--

CREATE TABLE `audit` (
  `id` int(11) NOT NULL,
  `aduitDate` varchar(20) NOT NULL,
  `auditor` varchar(60) NOT NULL,
  `competency` varchar(40) NOT NULL,
  `Customer` varchar(60) NOT NULL,
  `Lead` varchar(40) NOT NULL,
  `location` varchar(40) NOT NULL,
  `projectManager` varchar(40) NOT NULL,
  `projectName` varchar(60) NOT NULL,
  `qaLead` varchar(40) NOT NULL,
  `remarks` text NOT NULL,
  `Total_NC` int(11) NOT NULL,
  `tracks` varchar(40) NOT NULL,
  `status` int(11) DEFAULT '0'
) ENGINE=InnoDB DEFAULT CHARSET=latin1;

--
-- Dumping data for table `audit`
--

INSERT INTO `audit` (`id`, `aduitDate`, `auditor`, `competency`, `Customer`, `Lead`, `location`, `projectManager`, `projectName`, `qaLead`, `remarks`, `Total_NC`, `tracks`, `status`) VALUES
(9, '2019-03-07', 'Arsalan Rashid', 'Digital Framework', 'Higher Education Commission', 'Muhammad Aqib', 'karachi', '', 'BPAS', 'Faizan Junani', '', 4, 'BPM', 1),
(10, '2019-03-14', 'Arsalan Rashid', 'Digital Ecommerce', 'MRFM', '', 'lahore', '', 'Mattress.com', '', '', 5, 'option1', 1),
(11, '2019-03-07', 'Arsalan Rashid', 'Enterprise Services', 'RTA', 'Salman Malik', 'karachi', '', 'RTA- CRM Implementation', '', '', 3, 'CRM', 1),
(12, '2019-03-07', 'Arsalan Rashid', 'Digital Framework', 'UBl', 'Irfan Shahzad', 'karachi', '', 'UBL- API Connect Implementation', 'Faryal Khaskheli', '', 4, 'API Connect', 2),
(13, '2019-03-14', 'Arsalan Rashid', 'Technology Services', 'Transree', 'Muhammad Aqib', 'lahore', '', 'Trips', '', '', 4, '', 1),
(14, '2019-03-07', 'Arsalan Rashid', 'Digital Framework', 'UBL', 'Irfan Shahzad', 'karachi', '', 'UBL- API Connect Implementation', 'Faryal Khaskheli', '', 4, 'API Connect', 1);

-- --------------------------------------------------------

--
-- Table structure for table `check_list`
--

CREATE TABLE `check_list` (
  `checklist_id` int(11) NOT NULL,
  `Evidence` text,
  `Verified` varchar(11) DEFAULT NULL,
  `Total_Points` int(11) DEFAULT NULL,
  `Points_Attained` int(11) DEFAULT NULL,
  `Exception_Deviation` text,
  `NC` int(11) DEFAULT NULL,
  `Observation` text,
  `report_id` int(11) DEFAULT NULL,
  `question` text,
  `sumtotal_points` int(11) DEFAULT NULL,
  `sumattain_points` int(11) DEFAULT NULL,
  `project_total` int(11) DEFAULT NULL,
  `stage_id` int(11) DEFAULT NULL
) ENGINE=InnoDB DEFAULT CHARSET=latin1;

--
-- Dumping data for table `check_list`
--

INSERT INTO `check_list` (`checklist_id`, `Evidence`, `Verified`, `Total_Points`, `Points_Attained`, `Exception_Deviation`, `NC`, `Observation`, `report_id`, `question`, `sumtotal_points`, `sumattain_points`, `project_total`, `stage_id`) VALUES
(1, 'Updated High Level Estimation Sheet', 'yes', 2, 2, '', 0, 'Estimation sheet ', 9, 'Did the PM validated the size and cost of the project on the basis of available information at high level?', 95, 77, 81, 2),
(2, 'PDD, sending email', 'yes', 1, 1, '', 0, 'PDD Present ', 9, 'After signing the contract/work order, did PM develop the Project Definition Document and send it to organizational CC/ CM Lead.', 95, 77, 81, 2),
(3, 'IMS', 'yes', 1, 1, '', 0, 'IMS present', 9, 'Was project created in Issue Management System by the IMS admin.', 95, 77, 81, 2),
(4, 'Email to Distribution List', 'yes', 1, 1, '', 0, '', 9, 'Was email for commencement of the project sent by the Manager Projects/Competency Lead/Competency Director to the relevant stakeholders (QA Competency, Shared Services, Project Team,etc).', 95, 77, 81, 2),
(5, 'PMP', 'no', 4, 0, '', 0, '', 9, 'Did the PM document following in PMP?:Scope, Milestones, artifacts, Constraints and assumptions, formal decision on Exceptions (if required)', 95, 77, 81, 3),
(6, 'Detailed Estimation sheet', 'yes', 2, 2, '', 0, '', 9, 'Did the PM prepare a detailed Estimation Sheet with the help of Dev Lead & QA Lead?', 95, 77, 81, 3),
(7, 'PS', 'yes', 2, 2, '', 0, 'handle in JIRA', 9, 'Did the PM  prepare Project/Sprint Schedule in coordination with QA Lead and Dev Lead?', 95, 77, 81, 3),
(8, 'Review email, any comments', 'no', 2, 0, '', 0, '', 9, 'Was Project/Sprint Schedule approved by management/customer', 95, 77, 81, 3),
(9, 'Weekly Status Report', 'yes', 9, 9, '', 0, 'Daily Status report shared.', 9, 'Did the PM Published weekly status report covering the anticipated risk, on-hand issues, planned vs actual progress and plan for next reporting period?', 95, 77, 81, 4),
(10, 'MOMs, Updated Weekly Status report', 'yes', 3, 3, '', 0, 'Monthly status report shared with Customer.', 9, 'Did the Project Manger conduct a project/Sprint status review meeting with Project Team to discuss the status report on a weekly basis?', 95, 49, 81, 4),
(11, 'FSD/FDD/User Story', 'yes', 7, 7, '', 0, 'Documents present in JIRA', 9, 'Were the FS/User Stories created to cover the whole scope of project/ Project Back log?', 95, 77, 81, 5),
(12, 'Review comments, approval email', 'yes', 5, 5, '', 0, 'Customer signed copy present', 9, 'Was FS/User Stories reviewed & approved by client?', 95, 77, 81, 5),
(13, 'Review comments, Approval email', 'yes', 3, 3, '', 0, '', 9, 'UX is reviewed and approved by the Client?', 95, 77, 81, 5),
(14, 'IMS, any other report/ document', 'yes', 8, 8, '', 0, '', 9, 'Were all changes proposed by client went through the formal review/ impact analysis cycle before implementation?', 95, 77, 81, 6),
(15, 'Review comments, Approval email', 'no', 8, 0, '', 0, '', 9, 'Did Technical Design reviewed and approved by architecture group?', 95, 77, 81, 7),
(16, 'Tool Reports', 'n/a', 0, 0, '', 0, '', 9, 'Did the PM/ Dev TL used the Static code analysis tool for the project?', 95, 77, 81, 13),
(17, 'Development environment', 'yes', 3, 3, '', 0, '', 9, 'Did the Dev TL set up the Build Pipeline?', 95, 77, 81, 13),
(18, 'Code Review Comments', 'yes', 4, 4, '', 0, 'Static code review done.', 9, 'Was logic reviewed in code review process?', 95, 77, 81, 13),
(19, 'Unit test cases', 'yes', 10, 10, '', 0, 'Unit testcases present', 9, 'Did each member of the development team write unit tests?', 95, 77, 81, 14),
(20, 'Release Management Plan', 'yes', 3, 3, '', 0, '', 9, 'Is Release Management Plan is Published and being followed?', 95, 77, 81, 15),
(21, 'Internal Release Notes/ Internal Release email', 'yes', 2, 2, '', 0, '', 9, 'Did the Dev team prepare build for the start of testing that includes code? If yes, did it contain DB scripts and installation instructions to deploy the code?', 95, 77, 81, 15),
(22, 'Internal shipment package, Notification email', 'yes', 2, 2, '', 0, '', 9, 'Did the Dev Team prepares the initial internal shipment package and notify the QA to process the shipment?', 95, 77, 81, 15),
(23, 'Test Plan', 'n/a', 0, 0, '', 0, '', 9, 'Is Test Plan Created?', 95, 77, 81, 16),
(24, 'Communication email', 'no', 1, 0, '', 0, 'No acceptance criteria', 9, 'Did QA share Release Acceptance Criteria with relevant stakeholders?', 95, 77, 81, 16),
(25, 'Defect Tracking Tool', 'yes', 1, 1, '', 0, 'JIRA used for defect tracking', 9, 'Was the project created in defect tracking tool by QA TL?', 95, 77, 81, 16),
(26, 'Test Cases', 'yes', 1, 1, '', 0, '', 9, 'Did QA team prepared test cases?', 95, 77, 81, 16),
(27, 'Test Cases', 'no', 1, 0, '', 0, '', 9, 'Was mandatory test data prepared and documented in test cases?', 95, 77, 81, 16),
(28, 'Testing Environment', 'yes', 2, 2, '', 0, '', 9, 'Is QA provided separate Environment for Testing?', 95, 77, 81, 17),
(29, 'Execution Log, Updated AAC, acceptance/closure email', 'no', 2, 0, '', 0, '', 9, 'Was Acceptance Testing performed? ', 95, 77, 81, 17),
(30, 'Execution Log, Defects in Defect tracking tool', 'yes', 2, 2, '', 0, '', 9, 'Was System Testing performed?', 95, 77, 81, 17),
(31, 'Test Case Execution log', 'yes', 2, 2, '', 0, '', 9, 'Were all test cases executed?', 95, 77, 81, 17),
(32, 'Defects status in Defect tracking tool', 'yes', 1, 1, '', 0, '', 9, 'Were defects tracked to closure? (Defect Resolution Life cycle)', 95, 77, 81, 17),
(33, 'Updated High Level Estimation Sheet', 'no', 2, 0, '', 0, '', 10, 'Did the PM validated the size and cost of the project on the basis of available information at high level?', 92, 49, 53, 2),
(34, 'PDD, sending email', 'yes', 1, 1, '', 0, 'PDD Present ', 10, 'After signing the contract/work order, did PM develop the Project Definition Document and send it to organizational CC/ CM Lead.', 92, 49, 53, 2),
(35, 'IMS', 'yes', 1, 1, '', 0, 'IMS present', 10, 'Was project created in Issue Management System by the IMS admin.', 92, 49, 53, 2),
(36, 'Email to Distribution List', 'yes', 1, 1, '', 0, 'Store in repository', 10, 'Was email for commencement of the project sent by the Manager Projects/Competency Lead/Competency Director to the relevant stakeholders (QA Competency, Shared Services, Project Team,etc).', 92, 49, 53, 2),
(37, 'PMP', 'yes', 4, 4, '', 0, 'SOW contains all information related to PMP', 10, 'Did the PM document following in PMP?:Scope, Milestones, artifacts, Constraints and assumptions, formal decision on Exceptions (if required)', 92, 49, 53, 3),
(38, 'Detailed Estimation sheet', 'yes', 2, 2, '', 0, 'estimation handle in PS', 10, 'Did the PM prepare a detailed Estimation Sheet with the help of Dev Lead & QA Lead?', 92, 49, 53, 3),
(39, 'PS', 'yes', 2, 2, '', 0, 'handle in JIRA', 10, 'Did the PM  prepare Project/Sprint Schedule in coordination with QA Lead and Dev Lead?', 92, 49, 53, 3),
(40, 'Review email, any comments', 'yes', 2, 2, '', 0, 'No respositoy for ', 10, 'Was Project/Sprint Schedule approved by management/customer', 92, 49, 53, 3),
(41, 'Weekly Status Report', 'yes', 9, 9, '', 0, 'Weekly Status is there', 10, 'Did the PM Published weekly status report covering the anticipated risk, on-hand issues, planned vs actual progress and plan for next reporting period?', 92, 49, 53, 4),
(42, 'MOMs, Updated Weekly Status report', 'no', 3, 0, '', 0, 'Not shared ', 10, 'Did the Project Manger conduct a project/Sprint status review meeting with Project Team to discuss the status report on a weekly basis?', 92, 49, 53, 4),
(43, 'FSD/FDD/User Story', 'yes', 7, 7, '', 0, 'Documents present confluence', 10, 'Were the FS/User Stories created to cover the whole scope of project/ Project Back log?', 92, 49, 53, 5),
(44, 'Review comments, approval email', 'yes', 5, 5, '', 0, 'Approval missing', 10, 'Was FS/User Stories reviewed & approved by client?', 92, 49, 53, 5),
(45, 'Review comments, Approval email', 'no', 3, 0, '', 0, 'Documents present confluence', 10, 'UX is reviewed and approved by the Client?', 92, 49, 53, 5),
(46, 'IMS, any other report/ document', 'n/a', 0, 0, '', 0, '', 10, 'Were all changes proposed by client went through the formal review/ impact analysis cycle before implementation?', 92, 49, 53, 6),
(47, 'Review comments, Approval email', 'no', 8, 0, '', 0, 'In review state', 10, 'Did Technical Design reviewed and approved by architecture group?', 92, 49, 53, 7),
(48, 'Tool Reports', 'no', 3, 0, '', 0, '', 10, 'Did the PM/ Dev TL used the Static code analysis tool for the project?', 92, 49, 53, 13),
(49, 'Development environment', 'no', 3, 0, '', 0, '', 10, 'Did the Dev TL set up the Build Pipeline?', 92, 49, 53, 13),
(50, 'Code Review Comments', 'yes', 4, 4, '', 0, 'Static code review done.', 10, 'Was logic reviewed in code review process?', 92, 49, 53, 13),
(51, 'Unit test cases', 'no', 10, 0, '', 0, 'Unit testcases should be done accorss the project', 10, 'Did each member of the development team write unit tests?', 92, 49, 53, 14),
(52, 'Release Management Plan', 'no', 3, 0, '', 0, 'Email present for deployment', 10, 'Is Release Management Plan is Published and being followed?', 92, 49, 53, 15),
(53, 'Internal Release Notes/ Internal Release email', 'no', 2, 0, '', 0, '', 10, 'Did the Dev team prepare build for the start of testing that includes code? If yes, did it contain DB scripts and installation instructions to deploy the code?', 92, 49, 53, 15),
(54, 'Internal shipment package, Notification email', 'no', 2, 0, '', 0, '', 10, 'Did the Dev Team prepares the initial internal shipment package and notify the QA to process the shipment?', 92, 49, 53, 15),
(55, 'Test Plan', 'yes', 2, 2, '', 0, 'In customer review', 10, 'Is Test Plan Created?', 92, 49, 53, 16),
(56, 'Communication email', 'no', 1, 0, '', 0, 'No acceptance criteria', 10, 'Did QA share Release Acceptance Criteria with relevant stakeholders?', 92, 49, 53, 16),
(57, 'Defect Tracking Tool', 'yes', 1, 1, '', 0, 'JIRA used for defect tracking', 10, 'Was the project created in defect tracking tool by QA TL?', 92, 49, 53, 16),
(58, 'Test Cases', 'yes', 1, 1, '', 0, '', 10, 'Did QA team prepared test cases?', 92, 49, 53, 16),
(59, 'Test Cases', 'no', 1, 0, '', 0, '', 10, 'Was mandatory test data prepared and documented in test cases?', 92, 49, 53, 16),
(60, 'Testing Environment', 'yes', 2, 2, '', 0, '', 10, 'Is QA provided separate Environment for Testing?', 92, 49, 53, 17),
(61, 'Execution Log, Updated AAC, acceptance/closure email', 'yes', 2, 2, '', 0, '', 10, 'Was Acceptance Testing performed? ', 92, 49, 53, 17),
(62, 'Execution Log, Defects in Defect tracking tool', 'no', 2, 0, '', 0, '', 10, 'Was System Testing performed?', 92, 49, 53, 17),
(63, 'Test Case Execution log', 'yes', 2, 2, '', 0, '', 10, 'Were all test cases executed?', 92, 49, 53, 17),
(64, 'Defects status in Defect tracking tool', 'yes', 1, 1, '', 0, '', 10, 'Were defects tracked to closure? (Defect Resolution Life cycle)', 92, 49, 53, 17),
(65, 'Updated High Level Estimation Sheet', 'no', 2, 0, '', 0, '', 11, 'Did the PM validated the size and cost of the project on the basis of available information at high level?', 89, 61, 69, 2),
(66, 'PDD, sending email', 'yes', 1, 1, '', 0, '', 11, 'After signing the contract/work order, did PM develop the Project Definition Document and send it to organizational CC/ CM Lead.', 89, 61, 69, 2),
(67, 'IMS', 'yes', 1, 1, '', 0, '', 11, 'Was project created in Issue Management System by the IMS admin.', 89, 61, 69, 2),
(68, 'Email to Distribution List', 'yes', 1, 1, '', 0, '', 11, 'Was email for commencement of the project sent by the Manager Projects/Competency Lead/Competency Director to the relevant stakeholders (QA Competency, Shared Services, Project Team,etc).', 89, 61, 69, 2),
(69, 'PMP', 'no', 4, 0, '', 0, '', 11, 'Did the PM document following in PMP?:Scope, Milestones, artifacts, Constraints and assumptions, formal decision on Exceptions (if required)', 89, 61, 69, 3),
(70, 'Detailed Estimation sheet', 'yes', 2, 2, '', 0, '', 11, 'Did the PM prepare a detailed Estimation Sheet with the help of Dev Lead & QA Lead?', 89, 61, 69, 3),
(71, 'PS', 'yes', 2, 2, '', 0, 'handle in JIRA', 11, 'Did the PM  prepare Project/Sprint Schedule in coordination with QA Lead and Dev Lead?', 89, 61, 69, 3),
(72, 'Review email, any comments', 'yes', 2, 2, '', 0, '', 11, 'Was Project/Sprint Schedule approved by management/customer', 89, 61, 69, 3),
(73, 'Weekly Status Report', 'yes', 9, 9, '', 0, 'Daily Status report shared.', 11, 'Did the PM Published weekly status report covering the anticipated risk, on-hand issues, planned vs actual progress and plan for next reporting period?', 89, 61, 69, 4),
(74, 'MOMs, Updated Weekly Status report', 'yes', 3, 3, '', 0, 'Customer status report should be available to Offshore', 11, 'Did the Project Manger conduct a project/Sprint status review meeting with Project Team to discuss the status report on a weekly basis?', 89, 61, 69, 4),
(75, 'FSD/FDD/User Story', 'yes', 7, 7, '', 0, 'Documents present in JIRA', 11, 'Were the FS/User Stories created to cover the whole scope of project/ Project Back log?', 89, 61, 69, 5),
(76, 'Review comments, approval email', 'yes', 5, 5, '', 0, 'Customer signed copy present', 11, 'Was FS/User Stories reviewed & approved by client?', 89, 61, 69, 5),
(77, 'Review comments, Approval email', 'yes', 3, 3, '', 0, '', 11, 'UX is reviewed and approved by the Client?', 89, 61, 69, 5),
(78, 'IMS, any other report/ document', 'n/a', 0, 0, '', 0, '', 11, 'Were all changes proposed by client went through the formal review/ impact analysis cycle before implementation?', 89, 61, 69, 6),
(79, 'Review comments, Approval email', 'no', 8, 0, '', 0, '', 11, 'Did Technical Design reviewed and approved by architecture group?', 89, 61, 69, 7),
(80, 'Tool Reports', 'n/a', 0, 0, '', 0, '', 11, 'Did the PM/ Dev TL used the Static code analysis tool for the project?', 89, 61, 69, 13),
(81, 'Development environment', 'yes', 3, 3, '', 0, '', 11, 'Did the Dev TL set up the Build Pipeline?', 89, 61, 69, 13),
(82, 'Code Review Comments', 'yes', 4, 4, '', 0, 'Static code review done.', 11, 'Was logic reviewed in code review process?', 89, 61, 69, 13),
(83, 'Unit test cases', 'no', 10, 0, '', 0, 'Unit testcases present', 11, 'Did each member of the development team write unit tests?', 89, 61, 69, 14),
(84, 'Release Management Plan', 'yes', 3, 3, '', 0, '', 11, 'Is Release Management Plan is Published and being followed?', 89, 61, 69, 15),
(85, 'Internal Release Notes/ Internal Release email', 'yes', 2, 2, '', 0, '', 11, 'Did the Dev team prepare build for the start of testing that includes code? If yes, did it contain DB scripts and installation instructions to deploy the code?', 89, 61, 69, 15),
(86, 'Internal shipment package, Notification email', 'yes', 2, 2, '', 0, '', 11, 'Did the Dev Team prepares the initial internal shipment package and notify the QA to process the shipment?', 89, 61, 69, 15),
(87, 'Test Plan', 'yes', 2, 2, '', 0, '', 11, 'Is Test Plan Created?', 89, 61, 69, 16),
(88, 'Communication email', 'no', 1, 0, '', 0, 'No acceptance criteria', 11, 'Did QA share Release Acceptance Criteria with relevant stakeholders?', 89, 61, 69, 16),
(89, 'Defect Tracking Tool', 'yes', 1, 1, '', 0, 'JIRA used for defect tracking', 11, 'Was the project created in defect tracking tool by QA TL?', 89, 61, 69, 16),
(90, 'Test Cases', 'yes', 1, 1, '', 0, '', 11, 'Did QA team prepared test cases?', 89, 61, 69, 16),
(91, 'Test Cases', 'no', 1, 0, '', 0, '', 11, 'Was mandatory test data prepared and documented in test cases?', 89, 61, 69, 16),
(92, 'Testing Environment', 'yes', 2, 2, '', 0, '', 11, 'Is QA provided separate Environment for Testing?', 89, 61, 69, 17),
(93, 'Execution Log, Updated AAC, acceptance/closure email', 'no', 2, 0, '', 0, '', 11, 'Was Acceptance Testing performed? ', 89, 61, 69, 17),
(94, 'Execution Log, Defects in Defect tracking tool', 'yes', 2, 2, '', 0, '', 11, 'Was System Testing performed?', 89, 61, 69, 17),
(95, 'Test Case Execution log', 'yes', 2, 2, '', 0, '', 11, 'Were all test cases executed?', 89, 61, 69, 17),
(96, 'Defects status in Defect tracking tool', 'yes', 1, 1, '', 0, '', 11, 'Were defects tracked to closure? (Defect Resolution Life cycle)', 89, 61, 69, 17),
(97, 'Updated High Level Estimation Sheet', 'yes', 2, 2, '', 0, 'Estimation sheet present', 12, 'Did the PM validated the size and cost of the project on the basis of available information at high level?', 100, 100, 100, 2),
(98, 'PDD, sending email', 'yes', 1, 1, '', 0, 'PDD Present ', 12, 'After signing the contract/work order, did PM develop the Project Definition Document and send it to organizational CC/ CM Lead.', 100, 100, 100, 2),
(99, 'IMS', 'yes', 1, 1, '', 0, 'IMS present', 12, 'Was project created in Issue Management System by the IMS admin.', 100, 100, 100, 2),
(100, 'Email to Distribution List', 'yes', 1, 1, '', 0, '', 12, 'Was email for commencement of the project sent by the Manager Projects/Competency Lead/Competency Director to the relevant stakeholders (QA Competency, Shared Services, Project Team,etc).', 100, 100, 100, 2),
(101, 'PMP', 'yes', 4, 4, '', 0, 'SOW contains all information related to PMP', 12, 'Did the PM document following in PMP?:Scope, Milestones, artifacts, Constraints and assumptions, formal decision on Exceptions (if required)', 100, 100, 100, 3),
(102, 'Detailed Estimation sheet', 'yes', 2, 2, '', 0, 'estimation handle in PS', 12, 'Did the PM prepare a detailed Estimation Sheet with the help of Dev Lead & QA Lead?', 100, 100, 100, 3),
(103, 'PS', 'yes', 2, 2, '', 0, 'handle in JIRA', 12, 'Did the PM  prepare Project/Sprint Schedule in coordination with QA Lead and Dev Lead?', 100, 100, 100, 3),
(104, 'Review email, any comments', 'yes', 2, 2, '', 0, '', 12, 'Was Project/Sprint Schedule approved by management/customer', 100, 100, 100, 3),
(105, 'Weekly Status Report', 'yes', 9, 9, '', 0, 'Weekly status report, also shared with customer', 12, 'Did the PM Published weekly status report covering the anticipated risk, on-hand issues, planned vs actual progress and plan for next reporting period?', 100, 100, 100, 4),
(106, 'MOMs, Updated Weekly Status report', 'yes', 3, 3, '', 0, 'Internal team meeting conducted', 12, 'Did the Project Manger conduct a project/Sprint status review meeting with Project Team to discuss the status report on a weekly basis?', 100, 100, 100, 4),
(107, 'FSD/FDD/User Story', 'yes', 7, 7, '', 0, 'Documents present in JIRA', 12, 'Were the FS/User Stories created to cover the whole scope of project/ Project Back log?', 100, 100, 100, 5),
(108, 'Review comments, approval email', 'yes', 5, 5, '', 0, 'Customer signed copy present', 12, 'Was FS/User Stories reviewed & approved by client?', 100, 100, 100, 5),
(109, 'Review comments, Approval email', 'yes', 3, 3, '', 0, 'UI Requirements are still pending', 12, 'UX is reviewed and approved by the Client?', 100, 100, 100, 5),
(110, 'IMS, any other report/ document', 'yes', 8, 8, '', 0, '', 12, 'Were all changes proposed by client went through the formal review/ impact analysis cycle before implementation?', 100, 100, 100, 6),
(111, 'Review comments, Approval email', 'yes', 8, 8, '', 0, 'In review state', 12, 'Did Technical Design reviewed and approved by architecture group?', 100, 100, 100, 7),
(112, 'Tool Reports', 'yes', 3, 3, '', 0, '', 12, 'Did the PM/ Dev TL used the Static code analysis tool for the project?', 100, 100, 100, 13),
(113, 'Development environment', 'yes', 3, 3, '', 0, '', 12, 'Did the Dev TL set up the Build Pipeline?', 100, 100, 100, 13),
(114, 'Code Review Comments', 'yes', 4, 4, '', 0, 'Static code review done.', 12, 'Was logic reviewed in code review process?', 100, 100, 100, 13),
(115, 'Unit test cases', 'yes', 10, 10, '', 0, 'Unit testcases present', 12, 'Did each member of the development team write unit tests?', 100, 100, 100, 14),
(116, 'Release Management Plan', 'yes', 3, 3, '', 0, 'Email present for deployment', 12, 'Is Release Management Plan is Published and being followed?', 100, 100, 100, 15),
(117, 'Internal Release Notes/ Internal Release email', 'yes', 2, 2, '', 0, '', 12, 'Did the Dev team prepare build for the start of testing that includes code? If yes, did it contain DB scripts and installation instructions to deploy the code?', 100, 100, 100, 15),
(118, 'Internal shipment package, Notification email', 'yes', 2, 2, '', 0, '', 12, 'Did the Dev Team prepares the initial internal shipment package and notify the QA to process the shipment?', 100, 100, 100, 15),
(119, 'Test Plan', 'yes', 2, 2, '', 0, 'In customer review', 12, 'Is Test Plan Created?', 100, 100, 100, 16),
(120, 'Communication email', 'yes', 1, 1, '', 0, 'No acceptance criteria', 12, 'Did QA share Release Acceptance Criteria with relevant stakeholders?', 100, 100, 100, 16),
(121, 'Defect Tracking Tool', 'yes', 1, 1, '', 0, 'JIRA used for defect tracking', 12, 'Was the project created in defect tracking tool by QA TL?', 100, 100, 100, 16),
(122, 'Test Cases', 'yes', 1, 1, '', 0, '', 12, 'Did QA team prepared test cases?', 100, 100, 100, 16),
(123, 'Test Cases', 'yes', 1, 1, '', 0, '', 12, 'Was mandatory test data prepared and documented in test cases?', 100, 100, 100, 16),
(124, 'Testing Environment', 'yes', 2, 2, '', 0, '', 12, 'Is QA provided separate Environment for Testing?', 100, 100, 100, 17),
(125, 'Execution Log, Updated AAC, acceptance/closure email', 'yes', 2, 2, '', 0, '', 12, 'Was Acceptance Testing performed? ', 100, 100, 100, 17),
(126, 'Execution Log, Defects in Defect tracking tool', 'yes', 2, 2, '', 0, '', 12, 'Was System Testing performed?', 100, 100, 100, 17),
(127, 'Test Case Execution log', 'yes', 2, 2, '', 0, '', 12, 'Were all test cases executed?', 100, 100, 100, 17),
(128, 'Defects status in Defect tracking tool', 'yes', 1, 1, '', 0, '', 12, 'Were defects tracked to closure? (Defect Resolution Life cycle)', 100, 100, 100, 17),
(129, 'Updated High Level Estimation Sheet', 'yes', 2, 2, '', 0, 'maintain in rally', 13, 'Did the PM validated the size and cost of the project on the basis of available information at high level?', 100, 67, 67, 2),
(130, 'PDD, sending email', 'yes', 1, 1, '', 0, 'PDD Present ', 13, 'After signing the contract/work order, did PM develop the Project Definition Document and send it to organizational CC/ CM Lead.', 100, 67, 67, 2),
(131, 'IMS', 'yes', 1, 1, '', 0, 'Use TFS ', 13, 'Was project created in Issue Management System by the IMS admin.', 100, 67, 67, 2),
(132, 'Email to Distribution List', 'yes', 1, 1, '', 0, 'Email present', 13, 'Was email for commencement of the project sent by the Manager Projects/Competency Lead/Competency Director to the relevant stakeholders (QA Competency, Shared Services, Project Team,etc).', 100, 67, 67, 2),
(133, 'PMP', 'no', 4, 0, '', 0, '', 13, 'Did the PM document following in PMP?:Scope, Milestones, artifacts, Constraints and assumptions, formal decision on Exceptions (if required)', 100, 67, 67, 3),
(134, 'Detailed Estimation sheet', 'yes', 2, 2, '', 0, 'Handing through Rally tool', 13, 'Did the PM prepare a detailed Estimation Sheet with the help of Dev Lead & QA Lead?', 100, 67, 67, 3),
(135, 'PS', 'yes', 2, 2, '', 0, 'Handing through Rally tool', 13, 'Did the PM  prepare Project/Sprint Schedule in coordination with QA Lead and Dev Lead?', 100, 67, 67, 3),
(136, 'Review email, any comments', 'yes', 2, 2, '', 0, 'Approval Email from the customer', 13, 'Was Project/Sprint Schedule approved by management/customer', 100, 67, 67, 3),
(137, 'Weekly Status Report', 'no', 9, 0, '', 0, 'Missing', 13, 'Did the PM Published weekly status report covering the anticipated risk, on-hand issues, planned vs actual progress and plan for next reporting period?', 100, 67, 67, 4),
(138, 'MOMs, Updated Weekly Status report', 'no', 3, 0, '', 0, 'Missing', 13, 'Did the Project Manger conduct a project/Sprint status review meeting with Project Team to discuss the status report on a weekly basis?', 100, 67, 67, 4),
(139, 'FSD/FDD/User Story', 'yes', 7, 7, '', 0, 'User story present', 13, 'Were the FS/User Stories created to cover the whole scope of project/ Project Back log?', 100, 67, 67, 5),
(140, 'Review comments, approval email', 'yes', 5, 5, '', 0, 'Customer approval email', 13, 'Was FS/User Stories reviewed & approved by client?', 100, 67, 67, 5),
(141, 'Review comments, Approval email', 'yes', 3, 3, '', 0, 'Customer approval email', 13, 'UX is reviewed and approved by the Client?', 100, 67, 67, 5),
(142, 'IMS, any other report/ document', 'yes', 8, 8, '', 0, 'Same process followed', 13, 'Were all changes proposed by client went through the formal review/ impact analysis cycle before implementation?', 100, 67, 67, 6),
(143, 'Review comments, Approval email', 'yes', 8, 8, '', 0, '', 13, 'Did Technical Design reviewed and approved by architecture group?', 100, 67, 67, 7),
(144, 'Tool Reports', 'yes', 3, 3, '', 0, '', 13, 'Did the PM/ Dev TL used the Static code analysis tool for the project?', 100, 67, 67, 13),
(145, 'Development environment', 'yes', 3, 3, '', 0, '', 13, 'Did the Dev TL set up the Build Pipeline?', 100, 67, 67, 13),
(146, 'Code Review Comments', 'yes', 4, 4, '', 0, 'Static code review done.', 13, 'Was logic reviewed in code review process?', 100, 67, 67, 13),
(147, 'Unit test cases', 'no', 10, 0, '', 0, 'Unit testcases present', 13, 'Did each member of the development team write unit tests?', 100, 67, 67, 14),
(148, 'Release Management Plan', 'no', 3, 0, '', 0, 'Need to implement release management process, Architecture group can help ', 13, 'Is Release Management Plan is Published and being followed?', 100, 67, 67, 15),
(149, 'Internal Release Notes/ Internal Release email', 'yes', 2, 2, '', 0, '', 13, 'Did the Dev team prepare build for the start of testing that includes code? If yes, did it contain DB scripts and installation instructions to deploy the code?', 100, 67, 67, 15),
(150, 'Internal shipment package, Notification email', 'yes', 2, 2, '', 0, '', 13, 'Did the Dev Team prepares the initial internal shipment package and notify the QA to process the shipment?', 100, 67, 67, 15),
(151, 'Test Plan', 'yes', 2, 2, '', 0, '', 13, 'Is Test Plan Created?', 100, 67, 67, 16),
(152, 'Communication email', 'no', 1, 0, '', 0, 'No acceptance criteria', 13, 'Did QA share Release Acceptance Criteria with relevant stakeholders?', 100, 67, 67, 16),
(153, 'Defect Tracking Tool', 'yes', 1, 1, '', 0, 'JIRA used for defect tracking', 13, 'Was the project created in defect tracking tool by QA TL?', 100, 67, 67, 16),
(154, 'Test Cases', 'no', 1, 0, '', 0, '', 13, 'Did QA team prepared test cases?', 100, 67, 67, 16),
(155, 'Test Cases', 'yes', 1, 1, '', 0, '', 13, 'Was mandatory test data prepared and documented in test cases?', 100, 67, 67, 16),
(156, 'Testing Environment', 'yes', 2, 2, '', 0, '', 13, 'Is QA provided separate Environment for Testing?', 100, 67, 67, 17),
(157, 'Execution Log, Updated AAC, acceptance/closure email', 'no', 2, 0, '', 0, '', 13, 'Was Acceptance Testing performed? ', 100, 67, 67, 17),
(158, 'Execution Log, Defects in Defect tracking tool', 'yes', 2, 2, '', 0, '', 13, 'Was System Testing performed?', 100, 67, 67, 17),
(159, 'Test Case Execution log', 'yes', 2, 2, '', 0, '', 13, 'Were all test cases executed?', 100, 67, 67, 17),
(160, 'Defects status in Defect tracking tool', 'yes', 1, 1, '', 0, '', 13, 'Were defects tracked to closure? (Defect Resolution Life cycle)', 100, 67, 67, 17),
(161, 'Updated High Level Estimation Sheet', 'yes', 2, 2, '', 0, 'Estimation sheet present', 14, 'Did the PM validated the size and cost of the project on the basis of available information at high level?', 86, 59, 69, 2),
(162, 'PDD, sending email', 'yes', 1, 1, '', 0, 'PDD Present ', 14, 'After signing the contract/work order, did PM develop the Project Definition Document and send it to organizational CC/ CM Lead.', 86, 59, 69, 2),
(163, 'IMS', 'yes', 1, 1, '', 0, 'IMS present', 14, 'Was project created in Issue Management System by the IMS admin.', 86, 59, 69, 2),
(164, 'Email to Distribution List', 'yes', 1, 1, '', 0, '', 14, 'Was email for commencement of the project sent by the Manager Projects/Competency Lead/Competency Director to the relevant stakeholders (QA Competency, Shared Services, Project Team,etc).', 86, 59, 69, 2),
(165, 'PMP', 'yes', 4, 4, '', 0, 'SOW contains all information related to PMP', 14, 'Did the PM document following in PMP?:Scope, Milestones, artifacts, Constraints and assumptions, formal decision on Exceptions (if required)', 86, 59, 69, 3),
(166, 'Detailed Estimation sheet', 'yes', 2, 2, '', 0, 'estimation handle in PS', 14, 'Did the PM prepare a detailed Estimation Sheet with the help of Dev Lead & QA Lead?', 86, 59, 69, 3),
(167, 'PS', 'yes', 2, 2, '', 0, 'handle in JIRA', 14, 'Did the PM  prepare Project/Sprint Schedule in coordination with QA Lead and Dev Lead?', 86, 59, 69, 3),
(168, 'Review email, any comments', 'yes', 2, 2, '', 0, '', 14, 'Was Project/Sprint Schedule approved by management/customer', 86, 59, 69, 3),
(169, 'Weekly Status Report', 'yes', 9, 9, '', 0, 'Weekly status report, also shared with customer', 14, 'Did the PM Published weekly status report covering the anticipated risk, on-hand issues, planned vs actual progress and plan for next reporting period?', 86, 59, 69, 4),
(170, 'MOMs, Updated Weekly Status report', 'yes', 3, 3, '', 0, 'Internal team meeting conducted', 14, 'Did the Project Manger conduct a project/Sprint status review meeting with Project Team to discuss the status report on a weekly basis?', 86, 59, 69, 4),
(171, 'FSD/FDD/User Story', 'yes', 7, 7, '', 0, 'Documents present in JIRA', 14, 'Were the FS/User Stories created to cover the whole scope of project/ Project Back log?', 86, 59, 69, 5),
(172, 'Review comments, approval email', 'yes', 5, 5, '', 0, 'Customer signed copy present', 14, 'Was FS/User Stories reviewed & approved by client?', 86, 59, 69, 5),
(173, 'Review comments, Approval email', 'no', 3, 0, '', 0, 'UI Requirements are still pending', 14, 'UX is reviewed and approved by the Client?', 86, 59, 69, 5),
(174, 'IMS, any other report/ document', 'n/a', 0, 0, '', 0, '', 14, 'Were all changes proposed by client went through the formal review/ impact analysis cycle before implementation?', 86, 59, 69, 6),
(175, 'Review comments, Approval email', 'yes', 8, 8, '', 0, 'In review state', 14, 'Did Technical Design reviewed and approved by architecture group?', 86, 59, 69, 7),
(176, 'Tool Reports', 'n/a', 0, 0, '', 0, '', 14, 'Did the PM/ Dev TL used the Static code analysis tool for the project?', 86, 59, 69, 13),
(177, 'Development environment', 'n/a', 0, 0, '', 0, '', 14, 'Did the Dev TL set up the Build Pipeline?', 86, 59, 69, 13),
(178, 'Code Review Comments', 'yes', 4, 4, '', 0, 'Static code review done.', 14, 'Was logic reviewed in code review process?', 86, 59, 69, 13),
(179, 'Unit test cases', 'no', 10, 0, '', 0, 'Unit testcases present', 14, 'Did each member of the development team write unit tests?', 86, 59, 69, 14),
(180, 'Release Management Plan', 'no', 3, 0, '', 0, 'Email present for deployment', 14, 'Is Release Management Plan is Published and being followed?', 86, 59, 69, 15),
(181, 'Internal Release Notes/ Internal Release email', 'no', 2, 0, '', 0, '', 14, 'Did the Dev team prepare build for the start of testing that includes code? If yes, did it contain DB scripts and installation instructions to deploy the code?', 86, 59, 69, 15),
(182, 'Internal shipment package, Notification email', 'no', 2, 0, '', 0, '', 14, 'Did the Dev Team prepares the initial internal shipment package and notify the QA to process the shipment?', 86, 59, 69, 15),
(183, 'Test Plan', 'yes', 2, 2, '', 0, 'In customer review', 14, 'Is Test Plan Created?', 86, 59, 69, 16),
(184, 'Communication email', 'no', 1, 0, '', 0, 'No acceptance criteria', 14, 'Did QA share Release Acceptance Criteria with relevant stakeholders?', 86, 59, 69, 16),
(185, 'Defect Tracking Tool', 'yes', 1, 1, '', 0, 'JIRA used for defect tracking', 14, 'Was the project created in defect tracking tool by QA TL?', 86, 59, 69, 16),
(186, 'Test Cases', 'yes', 1, 1, '', 0, '', 14, 'Did QA team prepared test cases?', 86, 59, 69, 16),
(187, 'Test Cases', 'yes', 1, 1, '', 0, '', 14, 'Was mandatory test data prepared and documented in test cases?', 86, 59, 69, 16),
(188, 'Testing Environment', 'no', 2, 0, '', 0, '', 14, 'Is QA provided separate Environment for Testing?', 86, 59, 69, 17),
(189, 'Execution Log, Updated AAC, acceptance/closure email', 'no', 2, 0, '', 0, '', 14, 'Was Acceptance Testing performed? ', 86, 59, 69, 17),
(190, 'Execution Log, Defects in Defect tracking tool', 'yes', 2, 2, '', 0, '', 14, 'Was System Testing performed?', 86, 59, 69, 17),
(191, 'Test Case Execution log', 'no', 2, 0, '', 0, '', 14, 'Were all test cases executed?', 86, 59, 69, 17),
(192, 'Defects status in Defect tracking tool', 'yes', 1, 1, '', 0, '', 14, 'Were defects tracked to closure? (Defect Resolution Life cycle)', 86, 59, 69, 17);

-- --------------------------------------------------------

--
-- Table structure for table `employees`
--

CREATE TABLE `employees` (
  `id` int(11) NOT NULL,
  `emp_code` int(11) NOT NULL,
  `emp_name` varchar(50) NOT NULL
) ENGINE=InnoDB DEFAULT CHARSET=latin1;

--
-- Dumping data for table `employees`
--

INSERT INTO `employees` (`id`, `emp_code`, `emp_name`) VALUES
(1, 14969, 'Rizwan Ali'),
(2, 14975, 'Awais Siddiqui'),
(3, 14976, 'Ilyas Masih Gill'),
(4, 14977, 'Rizwan Masih'),
(5, 14978, 'Sohail Waris'),
(6, 14979, 'Boobi Masih'),
(7, 14980, 'Sabir'),
(8, 15139, 'Nasir Masih'),
(9, 15154, 'Jhonson Masih'),
(10, 15167, 'Irfan Masih'),
(11, 15174, 'Zamran Irshad'),
(12, 15175, 'Muhammad Usman'),
(13, 15197, 'Muhammad Islam'),
(14, 15213, 'Masooma Isa Asadullah Akbar Aseeri'),
(15, 15226, 'Talha Iftikhar'),
(16, 2750, 'Omer Aqeel'),
(17, 15247, 'Adrees Taj'),
(18, 15248, 'Muhammad Haroon Maqsood'),
(19, 15249, 'Umar Nazir'),
(20, 15250, 'Ammar Mansuri'),
(21, 15294, 'Mansi Srivastava'),
(22, 1835, 'Kashif Jan'),
(23, 15291, 'Muhammad Ejazuddin'),
(24, 12753, 'Zohaib Hassan Kori'),
(25, 928, 'Syed Saud Akhter'),
(26, 3022, 'Faizan Khan'),
(27, 2312, 'Muhammad Asif Ghouri'),
(28, 15452, 'Arslan Ahmed'),
(29, 13671, 'Khuram Ali'),
(30, 12737, 'Tanveer Hussain'),
(31, 15530, 'Waleed Aftab'),
(32, 15617, 'Muhammad Arshad'),
(33, 15618, 'Kashan Ahmed'),
(34, 12894, 'Avinash'),
(35, 15628, 'Altaf Hussain'),
(36, 12533, 'Mubashar Maqbool'),
(37, 15725, 'Aitbar Khan'),
(38, 15726, 'Karamat Hussain'),
(39, 15727, 'Muhammad Irfan'),
(40, 15728, 'Zahoor Ahmad'),
(41, 15729, 'Amjad Hussain'),
(42, 15706, 'Qurban Hussain'),
(43, 1910, 'Muhammad Qadeer'),
(44, 15784, 'Tanvir Ahmad'),
(45, 15879, 'Aqsa Tahir'),
(46, 15938, 'Muhammad Tanveer'),
(47, 15965, 'Ayub Masih'),
(48, 15971, 'Arshad Sheraz'),
(49, 15972, 'Areeba Irfan'),
(50, 15977, 'Aqsa Saleem'),
(51, 15978, 'Aqsa Munir'),
(52, 15979, 'Muhammad Khalid Mujtaba'),
(53, 15981, 'Syed Muhammad Nabeel Debaji'),
(54, 15982, 'Miran Arfan'),
(55, 14028, 'Muhammad Ahsan Zaman'),
(56, 15990, 'Ali Adnan'),
(57, 15991, 'Abid Ali'),
(58, 15992, 'Aysha Tariq'),
(59, 10002, 'Aezaz Hussain'),
(60, 13598, 'Kazim Meraj'),
(61, 13675, 'Salman Ahmed Sheikh'),
(62, 13677, 'Muhammad Babar'),
(63, 13721, 'Muhammad Fasih Akbar'),
(64, 13850, 'Shan Fiaz Dilawar'),
(65, 13907, 'Suneel Gill'),
(66, 13910, 'Ravi'),
(67, 13911, 'Waseem Sawan'),
(68, 13912, 'Yasir Gill'),
(69, 13913, 'Khalil Afzal'),
(70, 13869, 'Imran Masih'),
(71, 13875, 'Anita Javed'),
(72, 13922, 'Rumeel Hussain'),
(73, 13983, 'Mohsin Khan'),
(74, 14218, 'Sharoon'),
(75, 14219, 'Naeem Saleem'),
(76, 14220, 'Ahsan'),
(77, 14221, 'Abdul Qayyum'),
(78, 14223, 'Sarmat Fayyaz'),
(79, 14253, 'Salman Azhar'),
(80, 14301, 'Muhammad Ashfaq'),
(81, 14326, 'Ahsan Ul Rehman'),
(82, 14330, 'Pervaiz Gill'),
(83, 14566, 'Danyal Naim Mirza'),
(84, 14673, 'Muhammad Ebad'),
(85, 14914, 'Asad Umar'),
(86, 12711, 'Alveena Hasan'),
(87, 12937, 'Ishrat Hussain'),
(88, 712, 'Maria Shaikh'),
(89, 2731, 'Aamir Ul Hassan'),
(90, 2860, 'Turab Ali Zaidi'),
(91, 3058, 'Rahim Ali'),
(92, 1936, 'Javed Iqbal'),
(93, 13246, 'Moiz Islam'),
(94, 2871, 'Hafiz Farooq Jamil'),
(95, 13313, 'Muhammad Rehan'),
(96, 13314, 'Muhammad Waqar Majid'),
(97, 13315, 'Muhammad Ahmad Zia'),
(98, 13318, 'Saqib Kamal'),
(99, 13319, 'Kamran Asad'),
(100, 13321, 'Kashif Raza Ansari'),
(101, 13546, 'Wasaam Ahmed Qureshi'),
(102, 13547, 'Faisal Saleem'),
(103, 13550, 'Syed Waseem Jaffer Ali Shah'),
(104, 1007, 'Asad Nazir'),
(105, 2718, 'Zunaira Javaid'),
(106, 15187, 'Alkanz Ali'),
(107, 15451, 'Ghufran Hussain Usmani'),
(108, 15852, 'Zeeshan Haider'),
(109, 15910, 'Muhammad Faraz Baig'),
(110, 488, 'Arsalan Rashid'),
(111, 12238, 'Muhammad Talha Tanwir'),
(112, 13552, 'Zunair Haseeb Khan'),
(113, 2157, 'Syed Intisar Ali Zaidi'),
(114, 1050, 'Khurram Majeed'),
(115, 229, 'Naureen Anwar Ali'),
(116, 282, 'Shahid Masood'),
(117, 2163, 'Zubair Anjum'),
(118, 179, 'Zahid Mahmood Janjua'),
(119, 1866, 'Muhammad Amin'),
(120, 13427, 'Faisal Tajammal'),
(121, 13992, 'Roohi Khan'),
(122, 14131, 'Khurram Safdar'),
(123, 14249, 'Rao Hamid Khan'),
(124, 12425, 'Susan Kennedy'),
(125, 12426, 'Eric Finver'),
(126, 2118, 'Muhammad Adeel Edhi'),
(127, 3256, 'Muhammad Aurangzeb'),
(128, 12674, 'Toima Asghar'),
(129, 875, 'Habib Ahmad'),
(130, 654, 'Zeeshan Alam Ansari'),
(131, 441, 'Ovais Khan'),
(132, 3042, 'Muhammad Wajhe Ullah'),
(133, 3087, 'Salman Wajid Mian'),
(134, 15505, 'Asif Akram'),
(135, 15327, 'Muhammad Masud Akram'),
(136, 15179, 'Usman Ahmad'),
(137, 13106, 'Ahmed Siddiq Nagri'),
(138, 2676, 'Muhammad Zahid Saeed'),
(139, 1244, 'Faisal Khalil'),
(140, 9811, 'Muhammad Adeel Shoukat'),
(141, 1828, 'Muhammad Atif'),
(142, 2622, 'Akif Irfan'),
(143, 3171, 'Nasir Islam'),
(144, 3192, 'Khurram Shehzad'),
(145, 2752, 'Muhammad Arif'),
(146, 2881, 'Sajid Hussain'),
(147, 2937, 'Muhammad Zafar Saleem'),
(148, 13056, 'Noman Rasheed'),
(149, 13241, 'Muhammad Zunair'),
(150, 13478, 'Rana Khurram Irshad'),
(151, 15301, 'Raja Mohsin Naeem'),
(152, 15188, 'Usman Liaquat'),
(153, 13993, 'Haider Saeed'),
(154, 15827, 'Fahad Jabbar'),
(155, 15808, 'Ali Raza Awan'),
(156, 13734, 'Salman Malik'),
(157, 13470, 'Khurram Fuad Khatlani'),
(158, 14244, 'Muhammad Talha Mashkoor'),
(159, 3086, 'Muhammad Faisal Khan'),
(160, 14388, 'Ahsan Naseer'),
(161, 2048, 'Muhammad Mudasar Ansari'),
(162, 458, 'Faiz Muhammad'),
(163, 1798, 'Muhammad Kamran Butt'),
(164, 1858, 'Danish Iqbal'),
(165, 13462, 'Ibrar Ahmad'),
(166, 1779, 'Muhammad Uzair Qadir'),
(167, 2885, 'Faisal Khaliq'),
(168, 2786, 'Muhammad Talal Zia'),
(169, 15806, 'Sami Ullah Khan'),
(170, 15704, 'Azhar Majeed'),
(171, 2934, 'Adil Khurshed'),
(172, 2301, 'Osama Saleem'),
(173, 12414, 'Sohail Arshed'),
(174, 13488, 'Abdul Ahad'),
(175, 13712, 'Maryam Bakhtawar'),
(176, 14092, 'Sibtain Mehmood'),
(177, 1830, 'Muhammad Salman'),
(178, 12270, 'Sultan Mahmood'),
(179, 13000, 'Zeeshan Khalid'),
(180, 12698, 'Zeeshan Mehmood'),
(181, 12699, 'Mian Usman Ahmed'),
(182, 2779, 'Muhammad Zahid Khan'),
(183, 2942, 'Muhammad Ali Farooq'),
(184, 2671, 'Muhammad Mateen'),
(185, 2396, 'Muhammad Faizan Alvi'),
(186, 12543, 'Anees Ur Rehman'),
(187, 13024, 'Muhammad Faisal Hayat'),
(188, 3233, 'Yasir Shabir Butt'),
(189, 13719, 'Muhammad Furqan'),
(190, 13489, 'Usman Mughal'),
(191, 13113, 'Shoaib Shaukat'),
(192, 15765, 'Muhammad Junaid Lodhi'),
(193, 15141, 'Muhammad Usman'),
(194, 3089, 'Umer Khalid'),
(195, 15044, 'Surmeet Singh'),
(196, 15045, 'Mohammed Karamallah Abdelrahman Hassan'),
(197, 12872, 'Balram Bansal'),
(198, 15046, 'Rammohan Ramaswamiah'),
(199, 2385, 'Syed Muhammad Imran'),
(200, 15082, 'Aisha Mithani'),
(201, 15088, 'Ahmad Saad Masroor'),
(202, 15092, 'Ejaz Ahmad'),
(203, 12296, 'Muhammad Faizan Uddin'),
(204, 3184, 'Syed Bahroz Hasan'),
(205, 14809, 'Vishu Garg'),
(206, 3093, 'Usman Asees Butt'),
(207, 2594, 'Badr Bin Bilal'),
(208, 2545, 'Syed Hammad Ali'),
(209, 12081, 'Ali Muhammad Raza'),
(210, 14935, 'Ahmed Mohamed Ahmed Ali'),
(211, 14934, 'Qunain Mushtaq'),
(212, 12438, 'Hasham Qamar'),
(213, 14943, 'Amr Kamel Abbas Kamel Ramzy'),
(214, 14954, 'Mohamed Ali Abdelgead Ali Sleem'),
(215, 2133, 'Saud Hussain'),
(216, 2023, 'Waqas Hameed'),
(217, 14967, 'Amr Abdel Aziz Mohamed El Sayed Mahfouz'),
(218, 14966, 'Harish Kumar'),
(219, 2227, 'Muhammad Yaseen'),
(220, 14704, 'Muhammad Junaid Subhani'),
(221, 14336, 'Muhammad Salman'),
(222, 3011, 'Muhammad Sadqain Khan'),
(223, 14988, 'Lamiaa Said Abdelgawad Mahmoud'),
(224, 15005, 'Bilal Akhtar'),
(225, 15006, 'Kishore Babu Pokuri'),
(226, 13159, 'Muhammad Shahbaz Hussain'),
(227, 13165, 'Devaraj Naganagoudar'),
(228, 13167, 'Abhishek Mishra'),
(229, 3085, 'Mukhtiar Ali'),
(230, 13173, 'Zille E Hussain Bajwa'),
(231, 13177, 'Majid Mahmood'),
(232, 13180, 'Saddam Hussein Elmahdi Saleh'),
(233, 3061, 'Syed Salman Raza'),
(234, 1462, 'Usman Ali Khan'),
(235, 2534, 'Nabeel Naseem'),
(236, 3017, 'Syed Salman Saleem'),
(237, 2678, 'Abdullah Agha'),
(238, 13256, 'Abdelrahman Mohamed Fathy Bassiouny'),
(239, 13268, 'Imran Shabbir'),
(240, 1841, 'Waqas Sharif'),
(241, 2458, 'Naveed Athar'),
(242, 2974, 'Muhammad Umair'),
(243, 2542, 'Shakil Ahmed'),
(244, 13287, 'Mohamed Abdelaziz Hussein Ibrahim Rashed'),
(245, 13291, 'Muhammad Saqib'),
(246, 12236, 'Adnan Ahmed Sial'),
(247, 3246, 'Qamar Zaman Khan'),
(248, 13474, 'Islam Farid Madbouly Mansour'),
(249, 12960, 'Ali Shahid'),
(250, 13099, 'Muhammad Aftab Aslam'),
(251, 13569, 'Ahmed Elsayed Shoeib'),
(252, 1946, 'Muhammad Khalid Ameer'),
(253, 550, 'Nauman Ahmed Faroqui'),
(254, 3164, 'Muhammad Omar'),
(255, 2999, 'Muhammad Saqib'),
(256, 13723, 'Akshay Ohri'),
(257, 13724, 'Mohammad Fares'),
(258, 13651, 'Said Khalifa'),
(259, 2847, 'Syed Mohib Abbas Jaffari'),
(260, 14135, 'Rehman Lalani'),
(261, 14130, 'Ahmed Osman Anwer'),
(262, 2733, 'Faisal Farooq'),
(263, 14105, 'Muhammad Nadir'),
(264, 14112, 'Sadiq Ali'),
(265, 14113, 'Akansha Goyal'),
(266, 12283, 'Muhammad Bilal Latif'),
(267, 14214, 'Manar Mohamed'),
(268, 3172, 'Humail Ahmed Farooqi'),
(269, 14160, 'Ashish Sharma'),
(270, 14170, 'Hassaan Muhammed'),
(271, 14182, 'Sajjad Hussain'),
(272, 14261, 'Muhammad Umar Javed'),
(273, 2035, 'Chaudary Mohsin Akram'),
(274, 12080, 'Azfar Sultan'),
(275, 2181, 'Kashif Azam'),
(276, 3245, 'Shahbaz Ahmed Khan'),
(277, 12106, 'Abdul Mateen'),
(278, 13985, 'Ebtekar Mohamed'),
(279, 13986, 'Prerna Singh'),
(280, 13119, 'Shoaib Ahmad'),
(281, 13780, 'Sambath Kumar'),
(282, 14316, 'Umair Zahoor'),
(283, 14338, 'Mohamed Ahmed Atia'),
(284, 3293, 'Waleed Ahmed'),
(285, 2552, 'Sheikh Hassam Uddin'),
(286, 14351, 'Yasmeen Hekmat'),
(287, 14398, 'Ahmed Makram Rateb Mohamed'),
(288, 2640, 'Sooraj Lohana'),
(289, 11938, 'Zahid Ali'),
(290, 12293, 'Habibullah Rafay'),
(291, 3283, 'Salman Nizamani'),
(292, 14553, 'Prasanthi Badveli'),
(293, 2927, 'Mohammad Abid Hussain Rizvi'),
(294, 2408, 'Raza Ali'),
(295, 2166, 'Asif Mukhtar'),
(296, 3084, 'Ali Hasan Siddiqui'),
(297, 961, 'Basit Hameed Khan'),
(298, 1128, 'Nadeem Yousaf'),
(299, 2125, 'Muhammad Shariq'),
(300, 1374, 'Abdul Baseer'),
(301, 1759, 'Haider Ali'),
(302, 13042, 'Tanesh Kumar'),
(303, 13085, 'Tauqeer Ul Islam'),
(304, 13109, 'Venkatesh Guttula'),
(305, 2981, 'Muhammad Azeem'),
(306, 12977, 'Nitish Kumar'),
(307, 12609, 'Maha Lasfar'),
(308, 12938, 'Chitresh Dayal'),
(309, 12940, 'Shafique Ur Rehman Dhuyo'),
(310, 2633, 'Abdullah Abid'),
(311, 2451, 'Hafiz Faiz Ahmed'),
(312, 2192, 'Muhammad Waqas Khan'),
(313, 3158, 'Mona Houssainy'),
(314, 1962, 'Cyrus Noshirwan'),
(315, 1517, 'Areeb Wasif'),
(316, 1477, 'Syed Asad Ali Zaidi'),
(317, 13096, 'Tanveer Hussain'),
(318, 13252, 'Ayyaz Waheed'),
(319, 15020, 'Sidra Kanwal'),
(320, 15633, 'Israr Ahmad Choudry'),
(321, 1930, 'Zain Ul Abbas'),
(322, 15225, 'Momina Jahangir'),
(323, 3237, 'Muhammad Usman Ashraf'),
(324, 14254, 'Sabir Rahman'),
(325, 14124, 'Muhammad Naveed Khan'),
(326, 1773, 'Afshan Rauf'),
(327, 2055, 'Nida Shoukat'),
(328, 13506, 'Sarfaraz Ahmed'),
(329, 12733, 'Uroosa Naseem'),
(330, 15180, 'Faisal Rashid Wasti'),
(331, 15050, 'Syed Muhammad Hasnain'),
(332, 13209, 'Mahrukh Tauqir'),
(333, 13334, 'Syed Muhsin Gulzar Bukhari'),
(334, 15253, 'Nazia Yaqoob'),
(335, 2322, 'Nisar Ahmad'),
(336, 15223, 'Moazam Iftikhar'),
(337, 13328, 'Muhammad Zaid Sarfraz'),
(338, 10003, 'Arshad Masood'),
(339, 230, 'Muhammad Asif Peer'),
(340, 111, 'Abdul Rauf'),
(341, 155, 'Amir Hussain Ahmad Khan'),
(342, 304, 'Jawad Ikramullah Khan'),
(343, 380, 'Ameen Ahmad'),
(344, 410, 'Adeel Ahmad'),
(345, 10005, 'Adeel Ehsan'),
(346, 572, 'Asad Mahmood'),
(347, 10007, 'Orryn Sledge'),
(348, 1079, 'Ali Jawed Zubairy'),
(349, 2808, 'Kashif Yasin'),
(350, 2866, 'Hafiz Hamid Saeed'),
(351, 2892, 'Shahid Ghaffar'),
(352, 2357, 'Muhammad Ali Hussain Isfahany'),
(353, 2620, 'Nawaz Sarwar'),
(354, 2707, 'Baidar Bakhat'),
(355, 12864, 'Faisal Noor Hussain'),
(356, 13076, 'Mariam Naz'),
(357, 555, 'Ali Asad Akhtar'),
(358, 532, 'Muhammad Salman Arshad'),
(359, 1171, 'Kashif Latif'),
(360, 15807, 'Umair Amir Mian'),
(361, 15847, 'Hafiz Muhammad Hamza Asghar'),
(362, 15823, 'Sajjad Ur Rehman'),
(363, 15976, 'Junaid Zia'),
(364, 1994, 'Hasan Akhtar Khan'),
(365, 15443, 'Shahzad Iqbal'),
(366, 2844, 'Haris Sultan'),
(367, 2318, 'Waheed Sarwar'),
(368, 13070, 'Muhammad Imran Latif'),
(369, 8145, 'Muhammad Shakeel'),
(370, 53, 'Muhammad Yousaf'),
(371, 12111, 'Haris Khurshid'),
(372, 2702, 'Salman Yousaf'),
(373, 13357, 'Muhammad Maqsood Elahi'),
(374, 2018, 'Asad Ullah Afzal'),
(375, 12379, 'Muhammad Ehtesham'),
(376, 2398, 'Syed Ali Zaib'),
(377, 2559, 'Tayyeb Rasool'),
(378, 2889, 'Syed Zaka Ur Rahman'),
(379, 3153, 'Ali Mohsin'),
(380, 3288, 'Muhammad Saleem Tufail'),
(381, 12245, 'Sajid Masood'),
(382, 15001, 'Aziz Ur Rehman'),
(383, 15109, 'Saad Azeem'),
(384, 15631, 'Muhammad Tayyab Imtiaz'),
(385, 15762, 'Hamid Rashid'),
(386, 15254, 'Muhammad Usama Khan'),
(387, 12006, 'Zain Ul Arfeen'),
(388, 2339, 'Sana Malik'),
(389, 13743, 'Rehan Shafiq'),
(390, 13242, 'Muhammad Danish'),
(391, 12949, 'Gohar Malik'),
(392, 2900, 'Ghazanfar Ali Punno'),
(393, 2131, 'Usman Naseem'),
(394, 628, 'Waheed Hashim'),
(395, 13483, 'Rehan Niaz'),
(396, 3056, 'Hafiz Ghulam Mohyuddin'),
(397, 12990, 'Muhammad Shakir'),
(398, 14872, 'Muhammad Shahid Aziz'),
(399, 2689, 'Muhammad Sajid Nazir'),
(400, 13924, 'Abdullah Jamshed'),
(401, 11942, 'Salman Aziz'),
(402, 12991, 'Muhammad Usman Ikram'),
(403, 2124, 'Abdul Ghaffar'),
(404, 1233, 'Muhammad Zaheer Abbas Jafrey'),
(405, 15826, 'Ahsan Aftab'),
(406, 15553, 'Khurram Mahmood Pirzada'),
(407, 13335, 'Muhammad Tariq'),
(408, 11957, 'Faisal Ahmed'),
(409, 709, 'Muhammad Sufian'),
(410, 271, 'Faraz Javed'),
(411, 2645, 'Fahad Javed'),
(412, 13896, 'Ali Waheed'),
(413, 14609, 'Muhammad Arslan'),
(414, 14983, 'Muhammad Ali'),
(415, 15634, 'Muhammad Nauman Dilawar'),
(416, 13324, 'Muhammad Ozair Naeem'),
(417, 13327, 'Maryam Iqbal'),
(418, 12778, 'Mahnoor Din Malik'),
(419, 13097, 'Marvi Ahmad'),
(420, 1852, 'Madiha Mahmood'),
(421, 2336, 'Arsalan Ahmed'),
(422, 12732, 'Asad Hussain Shah'),
(423, 12812, 'Muhammad Waqas Khan'),
(424, 11977, 'Muhammad Umer Iqbal'),
(425, 3268, 'Hammad Jawed'),
(426, 3274, 'Syed Owais Ahmed'),
(427, 12461, 'Syed Zeeshan Ali'),
(428, 3010, 'Waqas Ahmed'),
(429, 3229, 'Asad Hussain'),
(430, 2520, 'Zaid Muhammad Riaz'),
(431, 13200, 'Saim Ali Baloch'),
(432, 14459, 'Muhammad Safwan'),
(433, 2546, 'Umar Ali Khan'),
(434, 3279, 'Ahmer Ali Sheikh'),
(435, 14906, 'Syed Asad Ali Shah'),
(436, 2141, 'Umer Riaz'),
(437, 1919, 'Faraz Ahmed'),
(438, 13208, 'Zubair Iqbal'),
(439, 2864, 'Saad Usmani'),
(440, 2712, 'Ferial Shahab'),
(441, 2390, 'Zubair Rasheed Baber'),
(442, 12924, 'Muhammad Junaid Sualeh'),
(443, 13074, 'Muhammad Junaid Idrees'),
(444, 1450, 'Mohammad Saleem'),
(445, 3265, 'Muhammad Hammad'),
(446, 2541, 'Kashif Khan'),
(447, 2460, 'Muhammad Zeeshan Qureshi'),
(448, 2666, 'Hira Majid Khan'),
(449, 2850, 'Muhammad Hameed'),
(450, 2791, 'Hameeda Naz'),
(451, 3168, 'Muhammad Fayaz Qureshi Rehmani'),
(452, 13325, 'Syed Muhammad Arsalan Qamar'),
(453, 2448, 'Syed Arjumand Shehzad'),
(454, 13735, 'Mirza Babar Baig'),
(455, 14427, 'Muhammad Fahad Farooq'),
(456, 15707, 'Muhammad Atiq Chatni'),
(457, 15902, 'Riaz Ahmed'),
(458, 15231, 'Zaigham Abbas'),
(459, 14121, 'Muhammad Shahroz Siraj'),
(460, 13613, 'Sikandar Khan'),
(461, 13355, 'Muhammad Danish Shaikh'),
(462, 1775, 'Abdul Faisal'),
(463, 12774, 'Ahsan Iftikhar'),
(464, 12779, 'Muhammad Usama Iqbal Mian'),
(465, 12848, 'Anwar Ul Haq Awan'),
(466, 12805, 'Syed Zain Zafar'),
(467, 12610, 'Haroon Arif'),
(468, 13003, 'Usman Pervaiz Butt'),
(469, 2404, 'Muhammad Atif Zia'),
(470, 2720, 'Muhammad Ijaz'),
(471, 3045, 'Sajid Ali'),
(472, 13288, 'Adeel Raza'),
(473, 2527, 'Ishfaque Ahmad Shahzad'),
(474, 13221, 'Muhammad Ishfaq'),
(475, 13465, 'Ashok Kumar'),
(476, 13762, 'Kashif Mehmood Mughal'),
(477, 12591, 'Hafiz Ubaid Ullah'),
(478, 13543, 'Tasawwer Khurshid'),
(479, 13560, 'Qasim Masud Amin'),
(480, 13807, 'Oman Javed'),
(481, 14519, 'Aaira Suhail'),
(482, 15365, 'Talha Zafar Wattoo'),
(483, 15009, 'Anam Gul'),
(484, 15071, 'Zill E Hussain'),
(485, 14982, 'Muhammad Saqib Munir'),
(486, 15034, 'Ali Raza'),
(487, 14793, 'Ahsan Imtiaz'),
(488, 14994, 'Ajlal Haider'),
(489, 14933, 'Muhammad Abdul Waheed'),
(490, 13927, 'Muhammad Khizar Aziz'),
(491, 15975, 'Mehtab Hussain'),
(492, 15989, 'Farhan Manzoor'),
(493, 13601, 'Sarosh Sohail'),
(494, 2915, 'Arslan'),
(495, 2686, 'Saniya Tauqir'),
(496, 2016, 'Majid Tariq'),
(497, 8502, 'Muhammad Jahanzeb'),
(498, 14605, 'Abdul Raheem'),
(499, 14600, 'Ayesha Tahreem Aamir'),
(500, 14837, 'Syed Farrukh Hassan'),
(501, 15542, 'Muhammad Aqib'),
(502, 748, 'Gul Muhammad'),
(503, 489, 'Farrukh Riyadh Ahmed'),
(504, 1345, 'Aziz Ur Rahman Shaikh'),
(505, 2025, 'Ali Asjad Waheed'),
(506, 2319, 'Hafiz Muhammad Umer'),
(507, 1626, 'Irfan Shahzad'),
(508, 2543, 'Hamad Ur Rehman'),
(509, 2723, 'Aslam Ahmed'),
(510, 2435, 'Hammad Zafar Malik'),
(511, 1129, 'Usman Iqbal'),
(512, 825, 'Hammad Karamat Dar'),
(513, 1853, 'Muhammad Usman Khan'),
(514, 13765, 'Shakeel Ahmed'),
(515, 508, 'Karamat Ali'),
(516, 14153, 'Muhammad Raheel Siddiqui'),
(517, 2647, 'Muhammad Rizwan Jangda'),
(518, 1768, 'Ahmed Al Manzar'),
(519, 1865, 'Yasir Ahmed Memon'),
(520, 13813, 'Malik Bilal Mubeen Awan'),
(521, 14874, 'Muhammad Bilal Ahmad'),
(522, 14916, 'Muhammad Fahad Ashraf'),
(523, 14575, 'Arslan Azeem'),
(524, 13994, 'Qamar Nisar'),
(525, 2217, 'Kashif Mahmood'),
(526, 13564, 'Muhammad Asim'),
(527, 2084, 'Faizan Hussain Siddiqui'),
(528, 2176, 'Hira Iqbal'),
(529, 2605, 'Farhan Jamil'),
(530, 2338, 'Muhammad Kamal'),
(531, 1823, 'Muhammad Usman Mehmood'),
(532, 2400, 'Saeed Ahmad'),
(533, 3235, 'Ahmed Hassan'),
(534, 13481, 'Hafiz Usama Amjad'),
(535, 14428, 'Hareem Adil'),
(536, 2638, 'Yusra Khalid'),
(537, 2065, 'Syed Shujaat Raza Naqvi'),
(538, 1028, 'Ishaq Taj'),
(539, 2747, 'Hamza Javaid'),
(540, 3099, 'Imran Maqsood'),
(541, 2135, 'Muhammad Sajjad Ajmal'),
(542, 15627, 'Umer Waheed Kayani'),
(543, 15626, 'Sumera Shaikh'),
(544, 12288, 'Wania Malik'),
(545, 15571, 'Hafsah Naeem'),
(546, 13768, 'Saba Shad Chishty'),
(547, 1464, 'Arshia Osama'),
(548, 14456, 'Mahrukh Tariq'),
(549, 14419, 'Faryal Khaskheli'),
(550, 14315, 'Fahad Sharif'),
(551, 13997, 'Usama Bin Sattar'),
(552, 13798, 'Sarah Adnan'),
(553, 13828, 'Sarmad Jamal'),
(554, 13917, 'Syed Shaheer Azim'),
(555, 14186, 'Abeera Dastagir'),
(556, 14243, 'Muhammad Atif Niaz'),
(557, 12678, 'Faizan Junani'),
(558, 12986, 'Muhammad Waqar Tufail'),
(559, 13001, 'Mustafa Mohammed'),
(560, 2212, 'Aqsa Akmal'),
(561, 2669, 'Syed Faraz Hasan'),
(562, 1344, 'Kashif Mehmood'),
(563, 3209, 'Abdul Nasir'),
(564, 3210, 'Hamna Baig'),
(565, 2109, 'Saad Bin Ilyas'),
(566, 1343, 'Sehrish Sultan'),
(567, 2087, 'Shayan Ahmed'),
(568, 1527, 'Rabia Shermeen'),
(569, 879, 'Sohail Karim'),
(570, 14287, 'Muhammad Mashood Alam Zaki'),
(571, 14607, 'Syed Zaheer Shaffi'),
(572, 13486, 'Usman Ahmed'),
(573, 12087, 'Nasir Samuel'),
(574, 12153, 'Munus Amad'),
(575, 12717, 'Hafiz Ammar Yasir'),
(576, 2332, 'Javeria Akber'),
(577, 14601, 'Khawaja Usman Shahzad'),
(578, 15064, 'Asfand Yar Ghazanfar'),
(579, 2180, 'Usman Saeed'),
(580, 2351, 'Mohammad Irfan Ejaz'),
(581, 2695, 'Muhammad Haroon'),
(582, 2762, 'Muhammad Mazhar'),
(583, 1931, 'Ali Raza'),
(584, 15900, 'Rana Muhammad Zeeshan'),
(585, 15901, 'Azhar Ali'),
(586, 15873, 'Muhammad Hamza'),
(587, 15825, 'Adeel Khan'),
(588, 15966, 'Samrah Asif Syed'),
(589, 15425, 'Aisha Atique'),
(590, 2789, 'Ahmad Ali'),
(591, 2813, 'Mohammad Haris Khan'),
(592, 3197, 'Muhammad Yousuf'),
(593, 11950, 'Hammad Naeem'),
(594, 12248, 'Muhammad Salman Edhi'),
(595, 12995, 'Muhammad Aaqib'),
(596, 12953, 'Syed Moiz Ali'),
(597, 2939, 'Owais Iskhab'),
(598, 3031, 'Fasih Rehman'),
(599, 3038, 'Bisma Nawaz'),
(600, 13505, 'Mustehssun Iqbal'),
(601, 13422, 'Tayyaba Sani'),
(602, 14420, 'Muhammad Behroz Khan'),
(603, 14418, 'Mehar Ali'),
(604, 14307, 'Syed Muhammad Muzammil Zaman'),
(605, 14127, 'Syeda Zarafshan Hassan'),
(606, 13795, 'Syed Wasif Murtaza Jafri'),
(607, 2100, 'Ali Jahanzaib'),
(608, 2111, 'Arsalan Alam Saghir'),
(609, 14181, 'Aiman Zakir'),
(610, 14449, 'Saif Ur Rahman Saleem'),
(611, 14432, 'Shabeer Ahmed'),
(612, 2784, 'Shoaib Malik'),
(613, 13738, 'Muhammad Hassan Amjad'),
(614, 3041, 'Sindhya Kumari'),
(615, 2765, 'Adil Ahmed Khan'),
(616, 2824, 'Imran Ahmed Khan'),
(617, 2591, 'Amsa Maryem Khan'),
(618, 2287, 'Talha Muhammad Qasim'),
(619, 1432, 'Muhammad Arif Khan'),
(620, 2313, 'Sidra Asif Ovais'),
(621, 2315, 'Hafiz Muhammad Usama'),
(622, 12608, 'Muhammad Abid Fahad'),
(623, 12849, 'Muhammad Rashid Javed'),
(624, 2410, 'Muhammad Usman Jamil'),
(625, 2045, 'Faz Khan'),
(626, 2267, 'Bilawal Asghar'),
(627, 11945, 'Muhammad Mohsin Aijaz'),
(628, 14871, 'Ibad Ur Rehman Qureshi'),
(629, 12966, 'Mirza Aijaz Baig'),
(630, 14963, 'Ali Abid'),
(631, 14968, 'Muhammad Waqas Khan'),
(632, 2298, 'Muhammad Zeeshan Mahmood'),
(633, 3224, 'Muhammad Zeeshan Tahir'),
(634, 15870, 'Farrukh Ali Qazi'),
(635, 15820, 'Amna Rasheed Khan'),
(636, 15937, 'Fahad Iqbal'),
(637, 2706, 'Rida Mazhar'),
(638, 14475, 'Hamza Usman'),
(639, 12709, 'Khawar Shahzad'),
(640, 1666, 'Muhammad Fahar Nouman'),
(641, 3111, 'Abdul Haseeb'),
(642, 2893, 'Hassan Tariq'),
(643, 12989, 'Anas Zahid'),
(644, 14523, 'Yasmeen Naseer'),
(645, 2928, 'Syed Osama Bin Omer'),
(646, 2832, 'Syed Muhammad Tajdar Khalid'),
(647, 2782, 'Mehwish'),
(648, 3064, 'Tabinda Naseem'),
(649, 1921, 'Syed Shoaib Hussain'),
(650, 15416, 'Ali Sajjad'),
(651, 15433, 'Zaira Waseem'),
(652, 15185, 'Waqas Ahmed'),
(653, 12542, 'Uzair Sultan'),
(654, 14573, 'Arooba Jamal'),
(655, 13281, 'Muhammad Luqman'),
(656, 13244, 'Khadija Anwar'),
(657, 13309, 'Farwa Khizar Khan'),
(658, 13329, 'Ammar Ahmad Tahir'),
(659, 13307, 'Sami Ahmed'),
(660, 13596, 'Salman Pervaiz'),
(661, 12658, 'Fahad Naeem'),
(662, 12279, 'Danyal Butt'),
(663, 3098, 'Moiz Ud Din Baig'),
(664, 3051, 'Muhammad Omar Iqbal'),
(665, 3157, 'Muhammad Talha Sulehri'),
(666, 3141, 'Afaq Ahmad'),
(667, 13308, 'Hamza Khalid'),
(668, 3101, 'Maha Tanveer'),
(669, 13303, 'Syed Zubair Alvi'),
(670, 13977, 'Muhammad Haris'),
(671, 14504, 'Awais Akhtar Khan'),
(672, 15874, 'Hassaan Muslim'),
(673, 12053, 'Osama Anwar'),
(674, 13201, 'Muhammad Ahmed'),
(675, 14434, 'Sohail Shiraj'),
(676, 13475, 'Muhammad Haris'),
(677, 15061, 'Muhammad Zulkafil Tabish Ehsan'),
(678, 15205, 'Haris Ahmed Rajput'),
(679, 15422, 'Shehzad Ghulam Muhammad'),
(680, 15426, 'Maha Hashmi'),
(681, 15252, 'Muhammad Haris Dar'),
(682, 3053, 'Mohammad Zunair'),
(683, 15293, 'Syed Muhammad Abid Hussain'),
(684, 2582, 'Mohammad Ayub'),
(685, 13624, 'Zafar Ahmed Memon'),
(686, 13680, 'Danish Jamil'),
(687, 14454, 'Muhammad Wahaj Khan'),
(688, 12152, 'Syed Atir Mohiuddin'),
(689, 3024, 'Maria Hafeez'),
(690, 2783, 'Aiman Mursalin'),
(691, 2897, 'Syeda Anni Muzaffar'),
(692, 2477, 'Syed Arsalan Hussain'),
(693, 1309, 'Nida Nazir'),
(694, 2042, 'Syed Fahad Abbas'),
(695, 3003, 'Jamshoo'),
(696, 12773, 'Mohsin Jamil'),
(697, 12993, 'Inam Ullah Khan'),
(698, 14421, 'Ahsan Shahid Masood'),
(699, 2369, 'Saaduddin Ahmed'),
(700, 13796, 'Wajiha Altaf'),
(701, 13800, 'Muhammad Hasnain'),
(702, 13690, 'Sheikh Hammad Mubarak Ali'),
(703, 15243, 'Syed Taha Sohail'),
(704, 15822, 'Naseer Uddin'),
(705, 13205, 'Muhammad Moosa Khan'),
(706, 2665, 'Syed Muhammad Aman Ul Hassan'),
(707, 13411, 'Syed Jalaluddin Sheheryar'),
(708, 2444, 'Ahmed Saud'),
(709, 12375, 'Muhammad Salman Siddiqui'),
(710, 3247, 'Sheikh Sohail Hussain'),
(711, 3032, 'Maha Jamali'),
(712, 2995, 'Abdul Mannan Khan'),
(713, 3083, 'Muhammad Hussain'),
(714, 2797, 'Salman Sadruddin'),
(715, 2540, 'Faraz Farooq'),
(716, 2329, 'Manisha Shahani'),
(717, 2809, 'Ubaid Ullah'),
(718, 13672, 'Noman Jahangir'),
(719, 13627, 'Fawad Ul Zaman Khan'),
(720, 13722, 'Irtifa Abdur Rehman'),
(721, 13980, 'Asfand Yar Nadeem'),
(722, 14162, 'Muhammad Haris'),
(723, 14417, 'Muhammad Hassan Javed'),
(724, 15670, 'Sami Ur Rehman'),
(725, 14471, 'Muhammad Umair Siddiqui'),
(726, 3212, 'Tabsheer Ul Huda Khan'),
(727, 11944, 'Muhammad Yousuf'),
(728, 12731, 'Shahid Ahmad Cheema'),
(729, 3244, 'Adnan Anwar'),
(730, 2956, 'Ahmad Shadab Hashmi'),
(731, 14387, 'Saadain Shahid Syed'),
(732, 14026, 'Muhammad Azeem'),
(733, 1772, 'Asif Rabbani'),
(734, 2921, 'Muhammad Khalil Ahmad'),
(735, 2980, 'Sadaf Mumtaz'),
(736, 12668, 'Sumbal Saleem'),
(737, 13104, 'Qamar Zaman'),
(738, 13259, 'Amir Shaheen'),
(739, 13455, 'Muhammad Junaid'),
(740, 1647, 'Wasim Ahmed'),
(741, 2526, 'Muhammad Furqan'),
(742, 1963, 'Obaid Ur Rehman'),
(743, 2289, 'Naushad Zafar'),
(744, 2482, 'Syed Asghar Abbas'),
(745, 12673, 'Muhammad Zulqarnain Saleem'),
(746, 13971, 'Muhammad Bilal'),
(747, 15000, 'Haider Rasool'),
(748, 14920, 'Ehsan Aslam'),
(749, 2225, 'Haseeb Arshad'),
(750, 2989, 'Muhammad Sadaf Ullah Khan Suri'),
(751, 3047, 'Syed Bilal Sajjad Hashmi'),
(752, 2968, 'Israr Ali'),
(753, 3193, 'Syed Musab Shaheed'),
(754, 2803, 'Ahsan Ahmed'),
(755, 2839, 'Omer Tariq'),
(756, 13071, 'Malik Muhammad Akif'),
(757, 2061, 'Ehtsham Ul Haq Minhas'),
(758, 13105, 'Farhan Hanif'),
(759, 2836, 'Rehan Ali'),
(760, 13981, 'Kaleem Ullah'),
(761, 14608, 'Aamir Ullah Khan'),
(762, 14996, 'Farhan Ahmed'),
(763, 15390, 'Syed Kumail Haider'),
(764, 13654, 'Eman Mohamad Al Hasan'),
(765, 13210, 'Marib Sultan'),
(766, 15423, 'Samra Hanif'),
(767, 15224, 'Muhammad Hassan Farooque'),
(768, 13212, 'Waqas Siddiqui'),
(769, 14524, 'Syed Mujahid Ali Rizvi'),
(770, 15846, 'Usman Zafar Ullah'),
(771, 8138, 'Laique Ahmad'),
(772, 424, 'Abid Hanif'),
(773, 1671, 'Ihsan Elahi Butt'),
(774, 8053, 'Muhammad Faisal'),
(775, 8775, 'Kashif Hussain'),
(776, 9126, 'Asim Jawad'),
(777, 8813, 'Muhammad Ahmed'),
(778, 12003, 'Ahmed Mohamed Fahmy Mohamed Zeiada'),
(779, 3201, 'Syed Mujtaba Ahmed Razvi'),
(780, 14269, 'Muhammad Zeshan Bukhari'),
(781, 14606, 'Mohammad Moeen'),
(782, 13834, 'Abdul Rehman Kausar'),
(783, 13250, 'Adnan Latif'),
(784, 13643, 'Rana Zohaib Ur Rehman'),
(785, 3195, 'Ali Ahmad'),
(786, 2846, 'Muhammad Imran Rashid'),
(787, 15669, 'Muhammad Bashir'),
(788, 15268, 'Mesam Raza Kazmi'),
(789, 14891, 'Waleed Ahmad Faridi'),
(790, 12086, 'Muhammad Riaz Ahmad'),
(791, 13866, 'Muhammad Zuhaib Rafaqat'),
(792, 14382, 'Muhammad Adeel Ur Rehman'),
(793, 14583, 'Rashid Hameed'),
(794, 12442, 'Hasnain'),
(795, 2788, 'Usman Munir Pasha'),
(796, 2820, 'Aamir Zamir'),
(797, 2490, 'Muhammad Asim Hameed'),
(798, 2422, 'Faheem Ahmad'),
(799, 14522, 'Irfan Ahmad Salfi'),
(800, 14778, 'Sahrish Rafi'),
(801, 15241, 'Maryam Bashir'),
(802, 15300, 'Bakht Awar Tariq'),
(803, 15058, 'Fatima Sarwar'),
(804, 15239, 'Maham Liaqat'),
(805, 2792, 'Nilofur Abbasi'),
(806, 12463, 'Dania Saher Imtiaz'),
(807, 3223, 'Muhammad Imran Hameed'),
(808, 3203, 'Ijlal Mussadaq Khawaja'),
(809, 12614, 'Zarmeen Akber'),
(810, 13014, 'Nouman Niaz'),
(811, 13998, 'Tayyaba Burney'),
(812, 14412, 'Muhammad Sawaiz Fahim'),
(813, 14492, 'Sajid Sarwar'),
(814, 13279, 'Haseeb Iftikhar'),
(815, 13269, 'Rana Muhammad Touqeer'),
(816, 14168, 'Waqar Khalid'),
(817, 12873, 'Ammar Ahmed'),
(818, 12054, 'Abdur Rehman'),
(819, 2918, 'Zaid Ur Rehman'),
(820, 2932, 'Aneel Kumar'),
(821, 14929, 'Adnan Haider'),
(822, 14918, 'Imran Ali'),
(823, 2419, 'Haroon Rasheed Tareen'),
(824, 13103, 'Muhtashim Riasat'),
(825, 12131, 'Maheen Zafar'),
(826, 14086, 'Zeeshan Rasheed'),
(827, 3278, 'Ahmad Ghazi Mohammad Abdullah'),
(828, 2570, 'Hammad Ahmed'),
(829, 2734, 'Muhammad Arif'),
(830, 2703, 'Kamran Afzal'),
(831, 12268, 'Saad Waseem'),
(832, 13020, 'Mughees Ahmad'),
(833, 14091, 'Shahid Shaukat'),
(834, 13267, 'Mohammad Ain Ul Hassan'),
(835, 14962, 'Nida Akram'),
(836, 14797, 'Alvin Jonathan'),
(837, 14763, 'Muhammad Najeeb Ullah Khan'),
(838, 13668, 'Muhammad Zeeshan Durrani'),
(839, 1640, 'Shoaib Zafar'),
(840, 2806, 'Waqas Hanif'),
(841, 12947, 'Awais Tariq'),
(842, 12946, 'Mariam Hussain'),
(843, 2353, 'Muhammad Omer Chaudhry'),
(844, 3082, 'Muhammad Shiraz'),
(845, 12413, 'Amir Jehangir'),
(846, 15424, 'Habiba Abbasi'),
(847, 15420, 'Insha Siddiqui'),
(848, 15563, 'Syed Shaheryar Sultan'),
(849, 15564, 'Umais Ahmed'),
(850, 2088, 'Shoaib Tahir'),
(851, 13352, 'Muhammad Tabish Ikram'),
(852, 13372, 'Bilal Ameer'),
(853, 14246, 'Muhammad Inam Ul Haque'),
(854, 13829, 'Syed Ali Haider'),
(855, 14392, 'Arsalan Akhtar'),
(856, 14452, 'Muhammad Talha Ansar'),
(857, 13461, 'Ahsan Khan'),
(858, 13557, 'Umm Ul Wara'),
(859, 178, 'Syed Muhammad Zubair Tayyab'),
(860, 13805, 'Rafaqat Ali'),
(861, 13739, 'Muhammad Junaid Khalid'),
(862, 13605, 'Javaid Akbar'),
(863, 12041, 'Zohaib Hassan'),
(864, 11998, 'Wasif Mazhar'),
(865, 15817, 'Muhammad Adil Sikander'),
(866, 2863, 'Haris Faseeh Ibrar'),
(867, 3166, 'Muhammad Zubair Hassan'),
(868, 13448, 'Zaid Tariq'),
(869, 13982, 'Adnan Hyder Rehan'),
(870, 14632, 'Noman Mukhtar'),
(871, 2116, 'Khawaja Muhammad Waqas'),
(872, 13709, 'Arooj Khalid'),
(873, 3177, 'Hafiz Asadullah'),
(874, 2397, 'Usman Mehmood'),
(875, 15759, 'Muhammad Amaar'),
(876, 15106, 'Muhammad Usman'),
(877, 15108, 'Omar Abdullah'),
(878, 14796, 'Muhammad Asif'),
(879, 14912, 'Abdullah Yousaf'),
(880, 14603, 'Muhammad Hamza Rasheed'),
(881, 15661, 'Rizwan Ahmed'),
(882, 12010, 'Iqra Shakeel'),
(883, 14025, 'Mohsin Ali'),
(884, 13763, 'Hafiz Umar Mukhtar'),
(885, 11947, 'Mamoon Ur Rasheed'),
(886, 2710, 'Muhammad Ameer Hamza'),
(887, 3107, 'Syed Muhammad Taha Zubair'),
(888, 13688, 'Sumbal Irfan'),
(889, 14569, 'Sumreen Kanwal'),
(890, 14520, 'Muhammad Mobeen Akbar'),
(891, 13914, 'Rushan Riaz'),
(892, 14309, 'Muhammad Zaki Akram Khan'),
(893, 2798, 'Syed Danish Ali'),
(894, 2485, 'Muhammad Usman'),
(895, 2509, 'Sobia Khan'),
(896, 12038, 'Abdul Fahad Khan'),
(897, 12211, 'Muhammad Shoaib Hussain'),
(898, 2182, 'Muhammad Shahid Aslam'),
(899, 14022, 'Abdul Waheed'),
(900, 14097, 'Manoj Kumar'),
(901, 14098, 'Muhammad Faizan'),
(902, 13999, 'Saif Ul Lah'),
(903, 13163, 'Shoaib Mehmood'),
(904, 15316, 'Muhammad Arslan Dilawar'),
(905, 14956, 'Hussnain Ali Faiz'),
(906, 14959, 'Fahhad Noor'),
(907, 14999, 'Aqsa Mushtaq'),
(908, 3039, 'Muhammad Yasir'),
(909, 3081, 'Shankar'),
(910, 12129, 'Fizza Batool'),
(911, 12479, 'Omer Kamran Malik'),
(912, 3118, 'Zeeshan Qurban'),
(913, 13972, 'Moaaz Ur Rehman Azhar Khokhar'),
(914, 15232, 'Mehran Khan'),
(915, 15292, 'Muhammad Shafique Qadri'),
(916, 14892, 'Nazir Ahmed'),
(917, 15761, 'Raja Muhammad Asad Tanwir'),
(918, 14794, 'Maham Manzoor'),
(919, 14790, 'Nabeel Ali'),
(920, 2603, 'Usman Aziz'),
(921, 13015, 'Muhammad Hassan Muhuyuddin'),
(922, 13002, 'Farhan Ali'),
(923, 2440, 'Muhammad Sajjad'),
(924, 3174, 'Mohammad Saqib Nasim'),
(925, 3181, 'Humayon Aslam'),
(926, 2948, 'Umar Iftikhar'),
(927, 1871, 'Rameez M Ali'),
(928, 15072, 'Tayyab Fayyaz'),
(929, 13876, 'Khalid'),
(930, 1908, 'Muhammad Sarfraz'),
(931, 1912, 'Sunny Khokhar'),
(932, 2910, 'Muhammad Amjad'),
(933, 14789, 'Muhammad Asad'),
(934, 14948, 'Faisal Hussain Sabir'),
(935, 15909, 'Syed Mohsin Bukhari'),
(936, 15912, 'Inzamam Anwar'),
(937, 14179, 'Faisal Ali'),
(938, 13457, 'Muhammad Umair Rashid'),
(939, 3116, 'Qaisar Tanvir'),
(940, 3120, 'Mustarshad Billah'),
(941, 13510, 'Muhammad Muddaser Talal'),
(942, 14951, 'Hafiz Rana Sher Hassan Ali Ibrahim'),
(943, 14981, 'Muhammad Osama Fareed'),
(944, 14791, 'Haider Naveed Akram'),
(945, 14786, 'Waleed Ishaq'),
(946, 14787, 'Sehrish Pervaiz'),
(947, 15763, 'Imran Younas'),
(948, 13513, 'Usman Ur Rehman Ahmed'),
(949, 2970, 'Imran Javed Zia'),
(950, 3142, 'Uzair Ahmad'),
(951, 3067, 'Jawad Ur Rehman'),
(952, 2964, 'Muhammad Akram'),
(953, 2957, 'Sameea Ashraf'),
(954, 2838, 'Khalid Nawaz'),
(955, 250, 'Asif Aziz Bilgrami'),
(956, 2082, 'Fahad Javaid Malik'),
(957, 2724, 'Adeel Ahmed'),
(958, 12151, 'Muzahir Ahmad'),
(959, 990, 'Muhammad Naveed Ahmad'),
(960, 631, 'Muhammad Arif Zia'),
(961, 778, 'Saqib Amin'),
(962, 13397, 'Muhammad'),
(963, 14311, 'Ahmed Meer'),
(964, 14572, 'Muhammad Umar Amanat'),
(965, 12052, 'Umar Ashfaq'),
(966, 3222, 'Willayat Ali'),
(967, 2341, 'Hira Ejaz'),
(968, 3117, 'Hammad Hasan Dogar'),
(969, 14922, 'Muhammad Hassaan Ahsun Mallick'),
(970, 14928, 'Sana Iqbal'),
(971, 15630, 'Samreen Akram'),
(972, 15666, 'Muhammad Zeeshan Adil'),
(973, 15528, 'Muhammad Adeel Ijaz'),
(974, 2935, 'Zeshan Munir'),
(975, 2429, 'Muhammad Bilal Asghar'),
(976, 12011, 'Muhammad Imran'),
(977, 12477, 'Ibrar Arshed'),
(978, 13666, 'Muhammad Usman Ali'),
(979, 13740, 'Haider Khalid'),
(980, 13554, 'Muhammad Sabeeh'),
(981, 13175, 'Zubair Younas'),
(982, 12028, 'Noman Saeed'),
(983, 3234, 'Usman Younas'),
(984, 12895, 'Aqeel Arshad Siddiqui'),
(985, 15558, 'Amjad Habib'),
(986, 15665, 'Muhammad Nafees Ahmad'),
(987, 15849, 'Naqash Zafar'),
(988, 15872, 'Rimsha Mubashir'),
(989, 15983, 'Hamza Bin Javed'),
(990, 15984, 'Mehwish Dilshad'),
(991, 15427, 'Aisha Ambar'),
(992, 15668, 'Muhammad Usman'),
(993, 15671, 'Hafeez Shahid'),
(994, 15660, 'Atiq Ahmad'),
(995, 15228, 'Faisal Mehmood'),
(996, 15378, 'Muhammad Umair Tariq'),
(997, 15112, 'Taimoor Hassan'),
(998, 12896, 'Waqas Iqbal'),
(999, 12988, 'Najeeb Ullah'),
(1000, 678, 'Syed Asim Mehmood'),
(1001, 3275, 'Muhammad Haadi'),
(1002, 2402, 'Adeel Siddiqi'),
(1003, 2749, 'Junaid Akbar'),
(1004, 2880, 'Muhammad Aamir'),
(1005, 3136, 'Yasir Arif'),
(1006, 3077, 'Haroon Khizar'),
(1007, 13978, 'Luqman Izhar'),
(1008, 2139, 'Mahboob Hassan'),
(1009, 2320, 'Syed Muhammad Zain Zaidi'),
(1010, 779, 'Amir Shahzad'),
(1011, 1815, 'Darakhshan Anjum'),
(1012, 13305, 'Ghulam Rasool'),
(1013, 15632, 'Ahmad Awais Qadeer Butt'),
(1014, 15165, 'Hira Raza'),
(1015, 14946, 'Amber Saleem'),
(1016, 13360, 'Sana Ullah'),
(1017, 13541, 'Bilal Azeem'),
(1018, 13477, 'Muhammad Nouman Shahzad'),
(1019, 13736, 'Madeeha Rahat Abbas'),
(1020, 14087, 'Muhammad Noman Nadeem'),
(1021, 13973, 'Ahmed Ali Jamali'),
(1022, 13779, 'Wajeeh Ud Din'),
(1023, 2317, 'Muhammad Rafique'),
(1024, 8, 'Abid Sultan'),
(1025, 1262, 'Muhammad Saleem'),
(1026, 11507, 'Ali Baz'),
(1027, 1275, 'Abid Shabbir'),
(1028, 26, 'Gul Bahar'),
(1029, 541, 'Saima Khan'),
(1030, 1261, 'Masood Ahmad'),
(1031, 1265, 'Muhammad Shahbaz'),
(1032, 3260, 'Mohsin Ali'),
(1033, 15026, 'Syed Hammad Shafiq'),
(1034, 13098, 'Muhammad Zahid Mughal'),
(1035, 3110, 'Saba Rana'),
(1036, 3167, 'Maham Khan'),
(1037, 14529, 'Muhammad Saad Awan'),
(1038, 13771, 'Muhammad Arslan Maqsood'),
(1039, 13306, 'Ayesha Saleem'),
(1040, 13741, 'Syed Muhammad Rizwan'),
(1041, 13726, 'Kashan Hussain'),
(1042, 14308, 'Murad Maqbool'),
(1043, 14128, 'Fakhar Uz Zaman'),
(1044, 14255, 'Anees Ur Rehman'),
(1045, 14183, 'Ayaz Benjumen'),
(1046, 12008, 'Muhammad Irfan'),
(1047, 1999, 'Muhammad Atta Ul Haq'),
(1048, 1909, 'Hafiz Muhammad Ahmed Awan'),
(1049, 15664, 'Awais Karamat'),
(1050, 15855, 'Nasir Ali'),
(1051, 15730, 'Sajid Rehman'),
(1052, 14924, 'Muhammad Ahmad Shakeel'),
(1053, 3114, 'Fatima Mukhtar'),
(1054, 13262, 'Zaheer Uddin Babar'),
(1055, 13331, 'Muhammad Taimoor Tariq'),
(1056, 51, 'Mohammad Aslam'),
(1057, 1227, 'Manzoor Hussain'),
(1058, 1228, 'Abdul Ghafoor'),
(1059, 1251, 'Ishtiaq Ahmad'),
(1060, 1342, 'Nazia Altaf'),
(1061, 35, 'Taj Muhammad'),
(1062, 144, 'Abdul Aziz'),
(1063, 1286, 'Arif Masih'),
(1064, 1418, 'Mubasher Hussain'),
(1065, 1860, 'Samia Sarwat'),
(1066, 14890, 'Sheeza Mariam'),
(1067, 15389, 'Muhammad Fawad Ahmad'),
(1068, 1347, 'Zafar Iqbal'),
(1069, 1230, 'Muhammad Sheraz'),
(1070, 1252, 'Saeed Ahmad Shahzad'),
(1071, 14222, 'Imran Khuda Bukhsh'),
(1072, 15166, 'Syed Abid Hussain'),
(1073, 13, 'Samuel Masih'),
(1074, 1232, 'Maqsood Javaid Masih'),
(1075, 1231, 'Marcus Masih'),
(1076, 2272, 'Anees Anwar'),
(1077, 2907, 'Youas Tariq'),
(1078, 13874, 'Ghufran'),
(1079, 2912, 'Chand Chama'),
(1080, 1229, 'Syed Khawar Abbas'),
(1081, 1906, 'Munir Ahmed'),
(1082, 2908, 'Muhammad Qasim'),
(1083, 1911, 'Muzzafar Iqbal'),
(1084, 1904, 'Muhammad Nawaz'),
(1085, 1907, 'Muhammad Hamid Awan'),
(1086, 1905, 'Syed Ali Raza'),
(1087, 15931, 'Syed Ali Haider'),
(1088, 15955, 'Mulazam Hussain'),
(1089, 15856, 'Mushtaq Ahmad'),
(1090, 15842, 'Inam Ul Haq'),
(1091, 15843, 'Muhammad Hassan'),
(1092, 15760, 'Qasim Maqsood'),
(1093, 15104, 'Muhammad Majid Jahangeer'),
(1094, 14114, 'Haseeb Ashfaq'),
(1095, 13793, 'Hannan Jamshaid'),
(1096, 13812, 'Ahsan Arshad'),
(1097, 13809, 'Farrukh Bilal'),
(1098, 13984, 'Muhammad Qamar Bhatti'),
(1099, 14001, 'Rabia Akram'),
(1100, 14578, 'Ali Yasir Malik'),
(1101, 14965, 'Shafi Muhammad Shah'),
(1102, 15421, 'Syeda Aleena Umer'),
(1103, 15821, 'Asad Ul Haq'),
(1104, 14247, 'Muzzamil Amir Ali'),
(1105, 14422, 'Muhammad Shahzaib Vohra'),
(1106, 13670, 'Suneel Kumar'),
(1107, 14543, 'Shahzad Abdul Hameed'),
(1108, 14095, 'Ashas Ahmad'),
(1109, 15980, 'Saba Baig'),
(1110, 15472, 'Atif Raza'),
(1111, 15289, 'Afaq Ahmed'),
(1112, 14788, 'Nishaf Naeem'),
(1113, 14717, 'Syed Muhammad Muzammil Bin Rashid'),
(1114, 1957, 'Ghulam Yaseen'),
(1115, 14129, 'Albert John'),
(1116, 13745, 'Nasib Badshah'),
(1117, 12729, 'Muhammad Farhan'),
(1118, 1369, 'Muhammad Munir'),
(1119, 1276, 'Mohammad Naveed'),
(1120, 1277, 'Muhammad Naeem Raza'),
(1121, 1284, 'Muhammad Yousuf'),
(1122, 467, 'Zaheer Ahmad'),
(1123, 1289, 'Nazak Shah'),
(1124, 1368, 'Sikandar Ali'),
(1125, 1274, 'Mohammad Mateen'),
(1126, 2092, 'Faizan'),
(1127, 1809, 'Muhammad Nadeem'),
(1128, 13770, 'Syed Anwer Hussain Gillani'),
(1129, 13652, 'Usman Ahmed'),
(1130, 15290, 'Muhammad Ali Bandagi'),
(1131, 15222, 'Salman Naveed'),
(1132, 15274, 'Adil Hussain'),
(1133, 15302, 'Mahnoor Ather'),
(1134, 14248, 'Saad Hasan Aslam'),
(1135, 18, 'Rafi Ullah Butt'),
(1136, 1314, 'Muhammad Jamil Yaqoob'),
(1137, 15785, 'Tooba Aziz'),
(1138, 15905, 'Muhammad Jaffar Raza Siddiqui'),
(1139, 15906, 'Ghulam Mujtaba'),
(1140, 15973, 'Inam Ur Rahman'),
(1141, 15927, 'Muhammad Usman Tarar'),
(1142, 15928, 'Tanzeel Ur Rehman'),
(1143, 15457, 'Syed Ali Abbas'),
(1144, 15094, 'Hafiz Muhammad Adil Mirza'),
(1145, 15619, 'Muhammad Afroz'),
(1146, 12544, 'Hunain Liaquat'),
(1147, 15049, 'Ammad Ali'),
(1148, 3189, 'Syed Faraz Haider Zaidi'),
(1149, 12655, 'Ali Khan'),
(1150, 12996, 'Muhammad Awais'),
(1151, 12277, 'Naila Nawaz'),
(1152, 12440, 'Tariq Aleem Siddiqui'),
(1153, 12365, 'Razi Uddin Shaikh'),
(1154, 3052, 'Abdul Samad'),
(1155, 14530, 'Muhammad Usman'),
(1156, 2226, 'Muhammad Tanveer Musawar Alam'),
(1157, 2096, 'Muhammad Sohail Ahmed'),
(1158, 13544, 'Muhammad Hassaan'),
(1159, 2560, 'Jansher Khan'),
(1160, 3156, 'Ali Aziz'),
(1161, 1574, 'Muhammad Hameed Ud Din'),
(1162, 2658, 'Imran Niaz'),
(1163, 2961, 'Majid Hafeez'),
(1164, 3005, 'Hamza Zaheer'),
(1165, 12982, 'Danyal Khalid'),
(1166, 14506, 'Baqar Iqbal'),
(1167, 2432, 'Moeez Shaukat'),
(1168, 13310, 'Jansheer Khan'),
(1169, 13238, 'Muhammad Moiz Nasir'),
(1170, 13974, 'Abdul Ghani Shahzaib'),
(1171, 2572, 'Muhammad Mustajab'),
(1172, 2953, 'Fahmeeda Yaseen'),
(1173, 2802, 'Muhammad Shaheer'),
(1174, 2725, 'Mudasir Khalid'),
(1175, 1889, 'Sehrish Parvaiz'),
(1176, 15911, 'Wania Zafar Abbasi'),
(1177, 14744, 'Faisal Nadeem Sheikh'),
(1178, 15204, 'Awais Jehangir'),
(1179, 2258, 'Syed Naeem Abbas'),
(1180, 1056, 'Mazhar Muhammad'),
(1181, 12049, 'Muhammad Rashid Zubairi'),
(1182, 3220, 'Imran Soofi'),
(1183, 14397, 'Adeel Tariq'),
(1184, 306, 'Muhammad Mushtaq Patni'),
(1185, 15203, 'Umair Ahmed Shamsi'),
(1186, 14779, 'Mohammad Umar Hayat Wattoo'),
(1187, 14571, 'Imran Khan'),
(1188, 14527, 'Humza Mahmood'),
(1189, 14923, 'Sher Muhamamd Khan Lodhi'),
(1190, 14784, 'Muhammad Awais Fayyaz'),
(1191, 14949, 'Muhammad Sohail'),
(1192, 14024, 'Hafiza Hira Idrees'),
(1193, 15526, 'Mohsin Ali'),
(1194, 15326, 'Ali Hamza Wadood'),
(1195, 15366, 'Fawad Ali'),
(1196, 13463, 'Muhammad Usman Idrees'),
(1197, 3130, 'Muhammad Umair'),
(1198, 2772, 'Jawad Hussain'),
(1199, 2831, 'Talha Zafar'),
(1200, 2241, 'Basit Farooq'),
(1201, 2713, 'Junaid Ahmed'),
(1202, 3124, 'Jahanzaib Alam'),
(1203, 13137, 'Waqar Azam'),
(1204, 13065, 'Ahmad Wali'),
(1205, 12943, 'Hassan Raza'),
(1206, 14000, 'Muhammad Aizaz Ahmed'),
(1207, 13280, 'Muzzafar Jahangir'),
(1208, 13633, 'Abdul Qadir'),
(1209, 2050, 'Ahmer Khalid'),
(1210, 2517, 'Salman Ghaffar'),
(1211, 1729, 'Syed Rehan Abbas'),
(1212, 13797, 'Syed Hamza Sadrul Hoda'),
(1213, 14476, 'Syed Muhammad Ali Zaidi'),
(1214, 12291, 'Sheharyar Mohsin'),
(1215, 15269, 'Adnan Muhammad Ashfaq Mirza'),
(1216, 15186, 'Muhammad Umer'),
(1217, 14961, 'Ujaila Rahman'),
(1218, 15875, 'Hafsa Asif'),
(1219, 15908, 'Abdullah Ahmad'),
(1220, 15771, 'Rana Waqas Kamran'),
(1221, 15851, 'Awais Haider'),
(1222, 14180, 'Mehnaz Tariq'),
(1223, 12458, 'Harish Kumar'),
(1224, 14599, 'Muhammad Saim'),
(1225, 14598, 'Umar Tahir'),
(1226, 15219, 'Gulfam Suleman'),
(1227, 15220, 'Imran Haider'),
(1228, 15233, 'Talib Hussain'),
(1229, 15056, 'Salman Khan'),
(1230, 15003, 'Ajmal Khan'),
(1231, 15246, 'Muhammad Attique Butt'),
(1232, 15299, 'Imran Ahmad Khan'),
(1233, 15328, 'Jeevan Kumar Suther'),
(1234, 12298, 'Muhammad Ahsan Islam'),
(1235, 12481, 'Allah Bux'),
(1236, 1862, 'Mustafa Shabbir'),
(1237, 2185, 'Jawaria Irfan'),
(1238, 12706, 'Abdul Mujeeb'),
(1239, 12554, 'Ahmed Ali'),
(1240, 13090, 'Zahid Hussain'),
(1241, 12954, 'Quratulain Qureshi'),
(1242, 12975, 'Muhammad Arbab'),
(1243, 12976, 'Qasim Sultan Ali Khan'),
(1244, 12994, 'Syed Muhammad Sarosh Khalid'),
(1245, 3139, 'Zunaira Shafique'),
(1246, 2819, 'Muhammad Usman Malik'),
(1247, 2925, 'Muhammad Atif Pervaiz'),
(1248, 2667, 'Sadia Khan'),
(1249, 14453, 'Mohammad Kumail'),
(1250, 14331, 'Zeest Saeed'),
(1251, 11976, 'Tarique Raheem'),
(1252, 13802, 'Afreen Jabeen'),
(1253, 14126, 'Babar Razzaq'),
(1254, 13759, 'Ayaz Ahmed'),
(1255, 13207, 'Rahim Ghulam Hussain'),
(1256, 13203, 'Ali Azim'),
(1257, 13382, 'Muhammad Atif Khan'),
(1258, 2010, 'Syed Sikandar Ali'),
(1259, 2136, 'Shazia Arsalan'),
(1260, 1473, 'Durr-E-Najaf'),
(1261, 1816, 'Waqas Aslam'),
(1262, 12677, 'Amar Jeet'),
(1263, 2354, 'Butool Hasnain'),
(1264, 2145, 'Ghazala Sabir'),
(1265, 2533, 'Mohsin Ali'),
(1266, 2352, 'Adil Ahmad'),
(1267, 1711, 'Muhammad Irfan Farooqui'),
(1268, 14568, 'Neeha Zafar'),
(1269, 15662, 'Awais Sultan'),
(1270, 3004, 'Zuhair Mamoon Mirza'),
(1271, 15200, 'Muhammad Saleem Khan'),
(1272, 14335, 'Irfan Ashraf'),
(1273, 13730, 'Muhammad Umair'),
(1274, 2818, 'Syed Muhammad Azfar Niaz'),
(1275, 3262, 'Irfan Lateef'),
(1276, 1991, 'Mutahar Mehdi'),
(1277, 14385, 'Muhammad Asim Sajjad'),
(1278, 1927, 'Roshan Ul Haq Khan'),
(1279, 15202, 'Ubaid Ullah Hassan'),
(1280, 15705, 'Muhammad Awais Omer'),
(1281, 14604, 'Bassam Siddiqui'),
(1282, 14743, 'Beenish Sajjad'),
(1283, 15896, 'Muhammad Zubair'),
(1284, 14838, 'Burhan U Din Arshad'),
(1285, 14998, 'Tahir Bashir Dar'),
(1286, 14093, 'Adeel Aleem'),
(1287, 13600, 'Mirza Hamad Ud Din'),
(1288, 3296, 'Hafiz Muhammad Naveed Ahmad'),
(1289, 2590, 'Faran Rasheed'),
(1290, 3249, 'Muhammad Ibrahim Khan Lodhi'),
(1291, 12718, 'Muhammad Awais Ali'),
(1292, 1732, 'Muhammad Mohsin Imtiaz'),
(1293, 15434, 'Muhammad Iftikhar Khan'),
(1294, 15242, 'Faisal Riaz'),
(1295, 15663, 'Muhammad Furqan Khan'),
(1296, 13248, 'Basit Junaid Afzal'),
(1297, 13286, 'Zeeshan Ahmad'),
(1298, 14785, 'Maham Ehsan'),
(1299, 2681, 'Nyla Ali'),
(1300, 12058, 'Qaisar Ashfaq'),
(1301, 14528, 'Nofal Riaz'),
(1302, 14597, 'Muhammad Kamran Sohail'),
(1303, 15850, 'Ayesha Riaz'),
(1304, 15871, 'Muhammad Hassan'),
(1305, 15970, 'Anas Bin Azhar'),
(1306, 15853, 'Maheen Imran'),
(1307, 15033, 'Muhammad Safoor Safdar'),
(1308, 12948, 'Syed Hasan Raza Badshah'),
(1309, 13511, 'Anam Tahir'),
(1310, 13356, 'Muhammad Shaban Khan'),
(1311, 14386, 'Choudhry Umar Masood'),
(1312, 14415, 'Muhammad Khan'),
(1313, 14094, 'Muhammad Saad Khan'),
(1314, 13198, 'Afeef Ahmed'),
(1315, 15541, 'Syed Kamran Ahmed'),
(1316, 15629, 'Muhammad Aqeel Ahmed'),
(1317, 15251, 'Mannan Aftab'),
(1318, 14913, 'Zohaib Hassan'),
(1319, 14950, 'Muhammad Ahsan Qurashi'),
(1320, 14125, 'Haider Shah'),
(1321, 14164, 'Abdul Ghaffar'),
(1322, 13799, 'Sania Bano'),
(1323, 14027, 'Faisal Imran'),
(1324, 13464, 'Ahmed Jahanzaib Ghauri'),
(1325, 2514, 'Ali Hassan'),
(1326, 15245, 'Ummara Amin'),
(1327, 15903, 'Muhammad Samad Karim'),
(1328, 14953, 'Aamir Fahaad'),
(1329, 14672, 'Muhammad Farhan'),
(1330, 2870, 'Rizwan Hussain'),
(1331, 12886, 'Babar Fraz'),
(1332, 579, 'Khurram Saleem'),
(1333, 13542, 'Muhammad Umer'),
(1334, 14545, 'Syed Hammad Naseem'),
(1335, 1520, 'Yasir Mahmood Khan'),
(1336, 1788, 'Muhammad Zaheer Akhtar'),
(1337, 14544, 'Mubasher Abid Khan'),
(1338, 14159, 'Chaudhry Yasir Aslam'),
(1339, 2613, 'Muhammad Osama Khan'),
(1340, 15240, 'Syed Waqas Ali Kazi'),
(1341, 15201, 'Muhammad Sulaik Bin Naukhez'),
(1342, 15184, 'Hafiz Umar Farooq'),
(1343, 15229, 'Waleed Bin Sharif'),
(1344, 14910, 'Muhammad Nasir Karim'),
(1345, 15527, 'Saqlain Nawaz Khan'),
(1346, 15985, 'Najeeb Ullah'),
(1347, 2711, 'Salman Amin Bhatti'),
(1348, 1463, 'Muhammad Imran'),
(1349, 2945, 'Adeel Ahmed Afghan'),
(1350, 2773, 'Waqas Ahmad'),
(1351, 2952, 'Hammad Ahmad Bhatti'),
(1352, 12004, 'Aleem Ijaz Janjua'),
(1353, 13975, 'Tauqeer Ahmed'),
(1354, 13863, 'Syed Saadan Nasir Bukhari'),
(1355, 13708, 'Mubashir Saeed'),
(1356, 1820, 'Adnan Inam Ullah'),
(1357, 857, 'Hamid Mehmood'),
(1358, 1555, 'Kashif Zafar'),
(1359, 14938, 'Muhammad Shafee'),
(1360, 15436, 'Ahraz Ahmad Atif'),
(1361, 15620, 'Javeria Fahad'),
(1362, 12019, 'Tanveer Ahmad'),
(1363, 15030, 'Rawal Zaffar'),
(1364, 15029, 'Sunny Sadruddin'),
(1365, 14925, 'Sarah Khan'),
(1366, 14926, 'Roheen Ghauri'),
(1367, 14679, 'Shah Bano Rao'),
(1368, 13469, 'Samara Faisal'),
(1369, 2304, 'Najam Hussain Tirmizi'),
(1370, 14178, 'Muhammad Amir Altaf'),
(1371, 12783, 'Shahzeen Haris'),
(1372, 2228, 'Imran Shahzad'),
(1373, 2699, 'Faisal Uz Zaman Mughal'),
(1374, 2539, 'Muhammad Talha'),
(1375, 2153, 'Azhar Iqbal'),
(1376, 13386, 'Muhammad Mateen Sajjad Dar'),
(1377, 15805, 'Romasa Khalid'),
(1378, 15913, 'Amin Ullah'),
(1379, 15824, 'Omair Khan');

-- --------------------------------------------------------

--
-- Table structure for table `observations`
--

CREATE TABLE `observations` (
  `id` int(11) NOT NULL,
  `Observations` text NOT NULL,
  `report_id` int(11) NOT NULL
) ENGINE=InnoDB DEFAULT CHARSET=latin1;

--
-- Dumping data for table `observations`
--

INSERT INTO `observations` (`id`, `Observations`, `report_id`) VALUES
(1, 'Test data should be prepere for detail testing', 9),
(2, 'Code review should be done by senior dev', 9),
(3, 'Test case review practice should be introduce', 9),
(4, '', 10),
(5, 'Acceptance testing practice should be followed', 10),
(6, '', 11),
(7, 'Code review should be done by senior dev', 11),
(8, 'Test case review practice should be introduce', 11),
(9, '', 13),
(10, 'Code review should be done by senior dev', 13),
(11, 'Acceptance testing practice should be followed', 13),
(12, '', 14),
(13, 'Test case review practice should be introduce', 14);

-- --------------------------------------------------------

--
-- Table structure for table `questions`
--

CREATE TABLE `questions` (
  `question_id` int(11) NOT NULL,
  `question` text NOT NULL,
  `Total_Points` int(11) NOT NULL,
  `stage_id` int(11) NOT NULL
) ENGINE=InnoDB DEFAULT CHARSET=latin1;

--
-- Dumping data for table `questions`
--

INSERT INTO `questions` (`question_id`, `question`, `Total_Points`, `stage_id`) VALUES
(1, 'Did the PM validated the size and cost of the project on the basis of available information at high level?', 2, 2),
(2, 'After signing the contract/work order, did PM develop the Project Definition Document and send it to organizational CC/ CM Lead.', 1, 2),
(3, 'Was project created in Issue Management System by the IMS admin.', 1, 2),
(4, 'Was email for commencement of the project sent by the Manager Projects/Competency Lead/Competency Director to the relevant stakeholders (QA Competency, Shared Services, Project Team,etc).', 1, 2),
(5, 'Did the PM document following in PMP?:\r\nScope, Milestones, artifacts, Constraints and assumptions, formal decision on Exceptions (if required)', 4, 3),
(6, 'Did the PM prepare a detailed Estimation Sheet with the help of Dev Lead & QA Lead?', 2, 3),
(7, 'Did the PM  prepare Project/Sprint Schedule in coordination with QA Lead and Dev Lead?', 2, 3),
(8, 'Was Project/Sprint Schedule approved by management/customer', 2, 3),
(9, 'Did the PM Published weekly status report covering the anticipated risk, on-hand issues, planned vs actual progress and plan for next reporting period?', 9, 4),
(10, 'Did the Project Manger conduct a project/Sprint status review meeting with Project Team to discuss the status report on a weekly basis?', 3, 4),
(11, 'Were the FS/User Stories created to cover the whole scope of project/ Project Back log?', 7, 5),
(12, 'Was FS/User Stories reviewed & approved by client?', 5, 5),
(13, 'UX is reviewed and approved by the Client?', 3, 5),
(14, 'Were all changes proposed by client went through the formal review/ impact analysis cycle before implementation?', 8, 6),
(15, 'Did Technical Design reviewed and approved by architecture group?', 8, 7),
(33, 'Did the PM/ Dev TL used the Static code analysis tool for the project?', 3, 13),
(34, 'Did the Dev TL set up the Build Pipeline?', 3, 13),
(35, 'Was logic reviewed in code review process?', 4, 13),
(36, 'Did each member of the development team write unit tests?', 10, 14),
(37, 'Is Release Management Plan is Published and being followed?', 3, 15),
(38, 'Did the Dev team prepare build for the start of testing that includes code? If yes, did it contain DB scripts and installation instructions to deploy the code?', 2, 15),
(39, 'Did the Dev Team prepares the initial internal shipment package and notify the QA to process the shipment?', 2, 15),
(40, 'Is Test Plan Created?', 2, 16),
(41, 'Did QA share Release Acceptance Criteria with relevant stakeholders?', 1, 16),
(42, 'Was the project created in defect tracking tool by QA TL?', 1, 16),
(43, 'Did QA team prepared test cases?', 1, 16),
(44, 'Was mandatory test data prepared and documented in test cases?', 1, 16),
(45, 'Is QA provided separate Environment for Testing?', 2, 17),
(46, 'Was Acceptance Testing performed? ', 2, 17),
(47, 'Was System Testing performed?', 2, 17),
(48, 'Were all test cases executed?', 2, 17),
(49, 'Were defects tracked to closure? (Defect Resolution Life cycle)', 1, 17);

-- --------------------------------------------------------

--
-- Table structure for table `roles`
--

CREATE TABLE `roles` (
  `role_id` int(11) NOT NULL,
  `role_name` varchar(40) NOT NULL
) ENGINE=InnoDB DEFAULT CHARSET=latin1;

--
-- Dumping data for table `roles`
--

INSERT INTO `roles` (`role_id`, `role_name`) VALUES
(1, 'Project Management'),
(2, 'Software-Engineering'),
(3, 'Development'),
(4, 'Quality Assurance');

-- --------------------------------------------------------

--
-- Table structure for table `stages`
--

CREATE TABLE `stages` (
  `stage_id` int(11) NOT NULL,
  `stage_name` varchar(40) NOT NULL,
  `role_id` int(11) NOT NULL,
  `stages_code` varchar(50) NOT NULL
) ENGINE=InnoDB DEFAULT CHARSET=latin1;

--
-- Dumping data for table `stages`
--

INSERT INTO `stages` (`stage_id`, `stage_name`, `role_id`, `stages_code`) VALUES
(2, 'Project Initiation', 1, 'ProjectInitiation'),
(3, 'Project Plannining', 1, 'ProjectPlannining'),
(4, 'Project Motitoring', 1, 'ProjectMotitoring'),
(5, 'Requirement Analysis', 2, 'RequirementAnalysis'),
(6, 'Change Management', 2, 'ChangeManagement'),
(7, 'Technical Design', 2, 'TechnicalDesign'),
(13, 'Code Writing', 3, 'CodeWriting'),
(14, 'Unit Testing', 3, 'UnitTesting'),
(15, 'Internal Release', 3, 'InternalRelease'),
(16, 'Test Planning & Designing', 4, 'Test-Planning-Designing'),
(17, 'QA Acceptance & System Testing', 4, 'QA-Acceptance-System-Testing');

-- --------------------------------------------------------

--
-- Table structure for table `summary`
--

CREATE TABLE `summary` (
  `summary_id` int(11) NOT NULL,
  `NonConformanceSummary` text NOT NULL,
  `type` varchar(60) NOT NULL,
  `owner` varchar(100) NOT NULL,
  `phase` varchar(60) NOT NULL,
  `report_id` int(11) DEFAULT NULL
) ENGINE=InnoDB DEFAULT CHARSET=latin1;

--
-- Dumping data for table `summary`
--

INSERT INTO `summary` (`summary_id`, `NonConformanceSummary`, `type`, `owner`, `phase`, `report_id`) VALUES
(1, 'No technical design /review practice in place', 'Major', 'Technical Lead/Architect', 'Technical Design', 9),
(2, 'No internal release planning practice in place\r\n', 'Major', 'Technical Lead\r\n', 'Internal Release\r\n', 9),
(3, 'PMP not in updated template\r\n', 'Minor\r\n', 'Project Manager\r\n', 'Project Planning\r\n', 9),
(4, 'QA team not preparing Acceptance Criteria\r\n', 'Minor', 'QA Lead\r\n', 'QA Planning and Design', 9),
(5, 'Status report should be shared with all stakeholders\r\n', 'Minor', 'PM\r\n', 'Project Monitoring', 10),
(6, 'No internal release planning practice in place\r\n', 'Major', 'Technical Lead', 'Internal Release', 10),
(7, ' weekly status report not shared with all stakesholder\r\n', 'Minor', 'Project Manager\r\n', 'Project Monitoring', 10),
(8, 'Unit testing practice should be in complete project\r\n', 'Minor', 'Dev Team\r\n', 'Unit Testing', 10),
(9, 'Code review practice should be in place\r\n', 'Major', 'Technical Lead\r\n', 'Code Writing', 10),
(10, 'No technical design /review practice in place', 'Major', 'Technical Lead/Architect', 'Technical Design', 11),
(11, 'PMP not created', 'Major', 'Project Manager', 'Project Planning', 11),
(12, 'QA team not preparing Acceptance Criteria', 'Minor', 'QA Lead', 'Test Planning & Designing', 11),
(13, 'Unit testing practice should be in complete project', 'Major', 'Dev Team', 'Unit Testing', 12),
(14, 'PMP not created', 'Major', 'Project Manager', 'Project Planning', 12),
(15, 'QA team not preparing Acceptance Criteria', 'Minor', 'QA Lead', 'Test Planning & Designing', 12),
(16, 'No internal release planning practice in place', 'Major', 'Technical Lead', 'Internal Release', 12),
(17, 'No project management plan was created', 'Major', 'PM', 'Project Planning', 13),
(18, 'No internal release planning practice in place', 'Major', 'Technical Lead', 'Internal Release', 13),
(19, 'No weekly status report shared with all stakesholder', 'Major', 'Project Manager', 'Project Monitoring', 13),
(20, 'Unit testing practice should be in complete project', 'Minor', 'Technical Lead', 'Unit Testing', 13),
(21, 'Unit testing practice should be in complete project', 'Major', 'Dev Team', 'Unit Testing', 14),
(22, 'PMP not created', 'Major', 'Project Manager', 'Project Planning', 14),
(23, 'QA team not preparing Acceptance Criteria', 'Minor', 'QA Lead', 'Test Planning & Designing', 14),
(24, 'No internal release planning practice in place', 'Major', 'Technical Lead', 'Internal Release', 14);

-- --------------------------------------------------------

--
-- Table structure for table `tbl_login`
--

CREATE TABLE `tbl_login` (
  `id` int(11) NOT NULL,
  `username` varchar(40) DEFAULT NULL,
  `fname` varchar(20) NOT NULL,
  `lname` varchar(20) NOT NULL,
  `email` varchar(40) NOT NULL,
  `password` varchar(16) NOT NULL,
  `designation` varchar(25) NOT NULL DEFAULT 'Employee',
  `status` int(11) NOT NULL
) ENGINE=InnoDB DEFAULT CHARSET=latin1;

--
-- Dumping data for table `tbl_login`
--

INSERT INTO `tbl_login` (`id`, `username`, `fname`, `lname`, `email`, `password`, `designation`, `status`) VALUES
(1, 'AnasRasheed57', 'Anas', 'Rasheed', 'syed-anas@hotmail.my', '123', 'Internee', 0),
(2, 'AnasRasheed76', 'Anas', 'Rasheed', 'syed-anas@hotmail.com', '123', 'Internee', 1),
(12, 'MuhammadUmer95', 'Muhammad', 'Umer', 'muhammadumer526@gmail.com', 'Umer123', 'Internee', 0),
(13, 'AnasRasheed52', 'Anas', 'Rasheed', 'anas.rasheed@systemsltd.c', 'Test123', 'Internee', 2),
(17, 'admin', 'Anas', 'Rasheed', 'anas.rasheed@systemsltd.com', 'admin', 'Admin', 1),
(19, 'TestUser67', 'Test', 'User', 'test@hotmail.com', 'TestUser67', 'Employee', 1);

--
-- Indexes for dumped tables
--

--
-- Indexes for table `audit`
--
ALTER TABLE `audit`
  ADD PRIMARY KEY (`id`);

--
-- Indexes for table `check_list`
--
ALTER TABLE `check_list`
  ADD PRIMARY KEY (`checklist_id`),
  ADD KEY `report_id` (`report_id`),
  ADD KEY `stage_id` (`stage_id`);

--
-- Indexes for table `employees`
--
ALTER TABLE `employees`
  ADD PRIMARY KEY (`id`),
  ADD UNIQUE KEY `emp_code` (`emp_code`);

--
-- Indexes for table `observations`
--
ALTER TABLE `observations`
  ADD PRIMARY KEY (`id`),
  ADD KEY `report` (`report_id`);

--
-- Indexes for table `questions`
--
ALTER TABLE `questions`
  ADD PRIMARY KEY (`question_id`),
  ADD KEY `stage` (`stage_id`);

--
-- Indexes for table `roles`
--
ALTER TABLE `roles`
  ADD PRIMARY KEY (`role_id`);

--
-- Indexes for table `stages`
--
ALTER TABLE `stages`
  ADD PRIMARY KEY (`stage_id`),
  ADD KEY `role` (`role_id`);

--
-- Indexes for table `summary`
--
ALTER TABLE `summary`
  ADD PRIMARY KEY (`summary_id`),
  ADD KEY `report_id` (`report_id`);

--
-- Indexes for table `tbl_login`
--
ALTER TABLE `tbl_login`
  ADD PRIMARY KEY (`id`),
  ADD UNIQUE KEY `email` (`email`),
  ADD UNIQUE KEY `Id` (`id`);

--
-- AUTO_INCREMENT for dumped tables
--

--
-- AUTO_INCREMENT for table `audit`
--
ALTER TABLE `audit`
  MODIFY `id` int(11) NOT NULL AUTO_INCREMENT, AUTO_INCREMENT=15;

--
-- AUTO_INCREMENT for table `check_list`
--
ALTER TABLE `check_list`
  MODIFY `checklist_id` int(11) NOT NULL AUTO_INCREMENT, AUTO_INCREMENT=193;

--
-- AUTO_INCREMENT for table `employees`
--
ALTER TABLE `employees`
  MODIFY `id` int(11) NOT NULL AUTO_INCREMENT, AUTO_INCREMENT=1380;

--
-- AUTO_INCREMENT for table `observations`
--
ALTER TABLE `observations`
  MODIFY `id` int(11) NOT NULL AUTO_INCREMENT, AUTO_INCREMENT=14;

--
-- AUTO_INCREMENT for table `questions`
--
ALTER TABLE `questions`
  MODIFY `question_id` int(11) NOT NULL AUTO_INCREMENT, AUTO_INCREMENT=50;

--
-- AUTO_INCREMENT for table `roles`
--
ALTER TABLE `roles`
  MODIFY `role_id` int(11) NOT NULL AUTO_INCREMENT, AUTO_INCREMENT=5;

--
-- AUTO_INCREMENT for table `stages`
--
ALTER TABLE `stages`
  MODIFY `stage_id` int(11) NOT NULL AUTO_INCREMENT, AUTO_INCREMENT=18;

--
-- AUTO_INCREMENT for table `summary`
--
ALTER TABLE `summary`
  MODIFY `summary_id` int(11) NOT NULL AUTO_INCREMENT, AUTO_INCREMENT=25;

--
-- AUTO_INCREMENT for table `tbl_login`
--
ALTER TABLE `tbl_login`
  MODIFY `id` int(11) NOT NULL AUTO_INCREMENT, AUTO_INCREMENT=20;

--
-- Constraints for dumped tables
--

--
-- Constraints for table `check_list`
--
ALTER TABLE `check_list`
  ADD CONSTRAINT `check_list_ibfk_3` FOREIGN KEY (`stage_id`) REFERENCES `stages` (`stage_id`),
  ADD CONSTRAINT `check_list_ibfk_4` FOREIGN KEY (`report_id`) REFERENCES `audit` (`id`);

--
-- Constraints for table `observations`
--
ALTER TABLE `observations`
  ADD CONSTRAINT `report` FOREIGN KEY (`report_id`) REFERENCES `audit` (`id`);

--
-- Constraints for table `questions`
--
ALTER TABLE `questions`
  ADD CONSTRAINT `stage` FOREIGN KEY (`stage_id`) REFERENCES `stages` (`stage_id`);

--
-- Constraints for table `stages`
--
ALTER TABLE `stages`
  ADD CONSTRAINT `role` FOREIGN KEY (`role_id`) REFERENCES `roles` (`role_id`);

--
-- Constraints for table `summary`
--
ALTER TABLE `summary`
  ADD CONSTRAINT `summary_ibfk_1` FOREIGN KEY (`report_id`) REFERENCES `audit` (`id`);
COMMIT;

/*!40101 SET CHARACTER_SET_CLIENT=@OLD_CHARACTER_SET_CLIENT */;
/*!40101 SET CHARACTER_SET_RESULTS=@OLD_CHARACTER_SET_RESULTS */;
/*!40101 SET COLLATION_CONNECTION=@OLD_COLLATION_CONNECTION */;
